{
  "trained": {
    "zero_ablation": {
      "induction": {
        "nll": {
          "16H": {
            "test_nll": [
              12.72807788848877,
              12.72807788848877,
              12.72807788848877,
              12.72807788848877,
              12.72807788848877,
              12.72807788848877,
              12.72807788848877,
              12.72807788848877,
              12.72807788848877,
              12.72807788848877,
              12.72807788848877,
              12.72807788848877,
              12.72807788848877,
              12.72807788848877,
              12.72807788848877,
              12.72807788848877,
              12.72807788848877,
              12.72807788848877,
              12.72807788848877,
              12.72807788848877,
              12.72807788848877,
              12.72807788848877,
              12.72807788848877,
              12.72807788848877,
              12.72807788848877,
              12.72807788848877,
              12.72807788848877,
              12.72807788848877,
              12.72807788848877,
              12.72807788848877,
              12.72807788848877,
              12.72807788848877,
              12.72807788848877,
              12.72807788848877,
              12.72807788848877,
              12.72807788848877,
              12.72807788848877,
              12.72807788848877,
              12.72807788848877,
              12.72807788848877,
              12.72807788848877,
              12.72807788848877,
              12.72807788848877,
              12.72807788848877,
              12.72807788848877,
              12.72807788848877,
              12.72807788848877,
              12.72807788848877
            ],
            "test_kl_div": [
              12.809532165527344,
              12.809532165527344,
              12.809532165527344,
              12.809532165527344,
              12.809532165527344,
              12.809532165527344,
              12.809532165527344,
              12.809532165527344,
              12.809532165527344,
              12.809532165527344,
              12.809532165527344,
              12.809532165527344,
              12.809532165527344,
              12.809532165527344,
              12.809532165527344,
              12.809532165527344,
              12.809532165527344,
              12.809532165527344,
              12.809532165527344,
              12.809532165527344,
              12.809532165527344,
              12.809532165527344,
              12.809532165527344,
              12.809532165527344,
              12.809532165527344,
              12.809532165527344,
              12.809532165527344,
              12.809532165527344,
              12.809532165527344,
              12.809532165527344,
              12.809532165527344,
              12.809532165527344,
              12.809532165527344,
              12.809532165527344,
              12.809532165527344,
              12.809532165527344,
              12.809532165527344,
              12.809532165527344,
              12.809532165527344,
              12.809532165527344,
              12.809532165527344,
              12.809532165527344,
              12.809532165527344,
              12.809532165527344,
              12.809532165527344,
              12.809532165527344,
              12.809532165527344,
              12.809532165527344
            ],
            "test_match_nll": [
              12.198339462280272,
              12.198339462280272,
              12.198339462280272,
              12.198339462280272,
              12.198339462280272,
              12.198339462280272,
              12.198339462280272,
              12.198339462280272,
              12.198339462280272,
              12.198339462280272,
              12.198339462280272,
              12.198339462280272,
              12.198339462280272,
              12.198339462280272,
              12.198339462280272,
              12.198339462280272,
              12.198339462280272,
              12.198339462280272,
              12.198339462280272,
              12.198339462280272,
              12.198339462280272,
              12.198339462280272,
              12.198339462280272,
              12.198339462280272,
              12.198339462280272,
              12.198339462280272,
              12.198339462280272,
              12.198339462280272,
              12.198339462280272,
              12.198339462280272,
              12.198339462280272,
              12.198339462280272,
              12.198339462280272,
              12.198339462280272,
              12.198339462280272,
              12.198339462280272,
              12.198339462280272,
              12.198339462280272,
              12.198339462280272,
              12.198339462280272,
              12.198339462280272,
              12.198339462280272,
              12.198339462280272,
              12.198339462280272,
              12.198339462280272,
              12.198339462280272,
              12.198339462280272,
              12.198339462280272
            ],
            "score": [
              0.540151059627533,
              1.0368816554546356,
              1.4344472885131836,
              1.8237011134624481,
              2.2031088769435883,
              2.5825162529945374,
              2.9245080947875977,
              3.2177888453006744,
              3.511069506406784,
              3.7661132514476776,
              4.0116550624370575,
              4.23474146425724,
              4.411152347922325,
              4.587563201785088,
              4.753164976835251,
              4.917673766613007,
              5.082182422280312,
              5.242030650377274,
              5.393817216157913,
              5.545603588223457,
              5.688238739967346,
              5.804932028055191,
              5.91925273835659,
              6.033573381602764,
              6.147631756961346,
              6.261690132319927,
              6.373835079371929,
              6.481888458132744,
              6.5803311094641685,
              6.659731216728687,
              6.732752293348312,
              6.805773355066776,
              6.875811912119389,
              6.9458504393696785,
              7.005051344633102,
              7.064252234995365,
              7.12308069691062,
              7.181909158825874,
              7.239026069641113,
              7.296142969280481,
              7.349720548838377,
              7.403298124670982,
              7.456641625612974,
              7.509985122829676,
              7.562978629022837,
              7.615972116589546,
              7.624905335716903,
              7.633838553912938
            ]
          }
        }
      }
    }
  }
}