{
  "trained": {
    "zero_ablation": {
      "tracr-reverse": {
        "l2": {
          "16H": {
            "test_kl_div": [
              -Infinity,
              0,
              0,
              0,
              0.15268589556217194,
              0.09246327728033066,
              0.09246327728033066,
              0.09246327728033066,
              0.09246327728033066,
              0.09246327728033066,
              0.09246327728033066,
              0.09246327728033066,
              0.09246327728033066,
              0.09246327728033066,
              0.09246327728033066,
              0.09246327728033066,
              0.09246327728033066,
              0.09246327728033066,
              Infinity
            ],
            "test_l2": [
              -Infinity,
              0,
              0,
              0,
              0.4444436728954315,
              0.3333325982093811,
              0.3333325982093811,
              0.3333325982093811,
              0.3333325982093811,
              0.3333325982093811,
              0.3333325982093811,
              0.3333325982093811,
              0.3333325982093811,
              0.3333325982093811,
              0.22916637361049652,
              0.22916637361049652,
              0.33333295583724976,
              0.33333295583724976,
              Infinity
            ],
            "score": [
              -Infinity,
              0.0,
              0.0,
              0.0,
              0.0,
              0.0,
              0.0,
              0.0,
              0.0,
              0.0,
              0.0,
              0.0,
              0.0,
              0.0,
              0.0,
              0.0,
              0.0,
              0.0,
              Infinity
            ],
            "edge_fpr": [
              1.0,
              1.0,
              0.967032967032967,
              0.9340659340659341,
              0.7802197802197802,
              0.6373626373626373,
              0.6043956043956044,
              0.5714285714285714,
              0.42857142857142855,
              0.34065934065934067,
              0.3076923076923077,
              0.27472527472527475,
              0.17582417582417584,
              0.10989010989010989,
              0.08791208791208792,
              0.07692307692307693,
              0.054945054945054944,
              0.02197802197802198,
              0.0
            ],
            "edge_tpr": [
              1.0,
              1.0,
              1.0,
              1.0,
              0.8,
              0.6666666666666666,
              0.6666666666666666,
              0.6666666666666666,
              0.6666666666666666,
              0.4666666666666667,
              0.4666666666666667,
              0.4666666666666667,
              0.4666666666666667,
              0.4,
              0.3333333333333333,
              0.2,
              0.0,
              0.0,
              0.0
            ],
            "edge_precision": [
              0.0,
              0.14150943396226415,
              0.14563106796116504,
              0.15,
              0.14457831325301204,
              0.14705882352941177,
              0.15384615384615385,
              0.16129032258064516,
              0.20408163265306123,
              0.18421052631578946,
              0.2,
              0.21875,
              0.30434782608695654,
              0.375,
              0.38461538461538464,
              0.3,
              0.0,
              0.0,
              1.0
            ],
            "n_edges": [
              NaN,
              106,
              103,
              100,
              83,
              68,
              65,
              62,
              49,
              38,
              35,
              32,
              23,
              16,
              13,
              10,
              5,
              2,
              NaN
            ],
            "node_fpr": [
              1.0,
              1.0,
              0.8947368421052632,
              0.7894736842105263,
              0.7894736842105263,
              0.7894736842105263,
              0.6842105263157895,
              0.5789473684210527,
              0.42105263157894735,
              0.42105263157894735,
              0.3157894736842105,
              0.21052631578947367,
              0.05263157894736842,
              0.05263157894736842,
              0.05263157894736842,
              0.05263157894736842,
              0.05263157894736842,
              0.0,
              0.0
            ],
            "node_tpr": [
              1.0,
              1.0,
              1.0,
              1.0,
              0.8125,
              0.75,
              0.75,
              0.75,
              0.75,
              0.6875,
              0.6875,
              0.6875,
              0.6875,
              0.625,
              0.5,
              0.375,
              0.1875,
              0.1875,
              0.0
            ],
            "node_precision": [
              0.0,
              0.45714285714285713,
              0.48484848484848486,
              0.5161290322580645,
              0.4642857142857143,
              0.4444444444444444,
              0.48,
              0.5217391304347826,
              0.6,
              0.5789473684210527,
              0.6470588235294118,
              0.7333333333333333,
              0.9166666666666666,
              0.9090909090909091,
              0.8888888888888888,
              0.8571428571428571,
              0.75,
              1.0,
              1.0
            ],
            "n_nodes": [
              NaN,
              35,
              33,
              31,
              28,
              27,
              25,
              23,
              20,
              19,
              17,
              15,
              12,
              11,
              9,
              7,
              4,
              3,
              NaN
            ]
          }
        }
      }
    }
  }
}