{
  "trained": {
    "zero_ablation": {
      "induction": {
        "kl_div": {
          "16H": {
            "test_kl_div": [
              12.809532165527344,
              12.809532165527344,
              12.809532165527344,
              12.809532165527344,
              12.809532165527344,
              12.809532165527344,
              12.809532165527344,
              12.809532165527344,
              12.809532165527344,
              12.809532165527344,
              12.809532165527344,
              12.809532165527344,
              12.809532165527344,
              12.809532165527344,
              12.809532165527344,
              12.809532165527344,
              12.809532165527344,
              12.809532165527344,
              12.809532165527344,
              12.809532165527344,
              12.809532165527344,
              12.809532165527344,
              12.809532165527344,
              12.809532165527344,
              12.809532165527344,
              12.809532165527344,
              12.809532165527344,
              12.809532165527344,
              12.809532165527344,
              12.809532165527344,
              12.809532165527344,
              12.809532165527344,
              12.809532165527344,
              12.809532165527344,
              12.809532165527344,
              12.809532165527344,
              12.809532165527344,
              12.809532165527344,
              12.809532165527344,
              12.809532165527344,
              12.809532165527344,
              12.809532165527344,
              12.809532165527344,
              12.809532165527344,
              12.809532165527344,
              12.809532165527344,
              12.809532165527344,
              12.809532165527344
            ],
            "test_match_nll": [
              12.198339462280272,
              12.198339462280272,
              12.198339462280272,
              12.198339462280272,
              12.198339462280272,
              12.198339462280272,
              12.198339462280272,
              12.198339462280272,
              12.198339462280272,
              12.198339462280272,
              12.198339462280272,
              12.198339462280272,
              12.198339462280272,
              12.198339462280272,
              12.198339462280272,
              12.198339462280272,
              12.198339462280272,
              12.198339462280272,
              12.198339462280272,
              12.198339462280272,
              12.198339462280272,
              12.198339462280272,
              12.198339462280272,
              12.198339462280272,
              12.198339462280272,
              12.198339462280272,
              12.198339462280272,
              12.198339462280272,
              12.198339462280272,
              12.198339462280272,
              12.198339462280272,
              12.198339462280272,
              12.198339462280272,
              12.198339462280272,
              12.198339462280272,
              12.198339462280272,
              12.198339462280272,
              12.198339462280272,
              12.198339462280272,
              12.198339462280272,
              12.198339462280272,
              12.198339462280272,
              12.198339462280272,
              12.198339462280272,
              12.198339462280272,
              12.198339462280272,
              12.198339462280272,
              12.198339462280272
            ],
            "test_nll": [
              12.72807788848877,
              12.72807788848877,
              12.72807788848877,
              12.72807788848877,
              12.72807788848877,
              12.72807788848877,
              12.72807788848877,
              12.72807788848877,
              12.72807788848877,
              12.72807788848877,
              12.72807788848877,
              12.72807788848877,
              12.72807788848877,
              12.72807788848877,
              12.72807788848877,
              12.72807788848877,
              12.72807788848877,
              12.72807788848877,
              12.72807788848877,
              12.72807788848877,
              12.72807788848877,
              12.72807788848877,
              12.72807788848877,
              12.72807788848877,
              12.72807788848877,
              12.72807788848877,
              12.72807788848877,
              12.72807788848877,
              12.72807788848877,
              12.72807788848877,
              12.72807788848877,
              12.72807788848877,
              12.72807788848877,
              12.72807788848877,
              12.72807788848877,
              12.72807788848877,
              12.72807788848877,
              12.72807788848877,
              12.72807788848877,
              12.72807788848877,
              12.72807788848877,
              12.72807788848877,
              12.72807788848877,
              12.72807788848877,
              12.72807788848877,
              12.72807788848877,
              12.72807788848877,
              12.72807788848877
            ],
            "score": [
              0.5684136748313904,
              1.0449840426445007,
              1.4821297526359558,
              1.906530499458313,
              2.33093124628067,
              2.715008318424225,
              3.0946200788021088,
              3.356786787509918,
              3.6189534068107605,
              3.8641554713249207,
              4.109357491135597,
              4.320993438363075,
              4.523774802684784,
              4.691956505179405,
              4.860138043761253,
              5.017377480864525,
              5.158314481377602,
              5.289111793041229,
              5.417436197400093,
              5.540133371949196,
              5.662830546498299,
              5.772775709629059,
              5.871039338409901,
              5.94769985973835,
              6.024360381066799,
              6.098374933004379,
              6.167696580290794,
              6.237018197774887,
              6.303600683808327,
              6.370183169841766,
              6.435669504106045,
              6.501155838370323,
              6.566143214702606,
              6.631130576133728,
              6.694550886750221,
              6.757971189916134,
              6.820849254727364,
              6.865121711045504,
              6.909394159913063,
              6.951330751180649,
              6.993267334997654,
              7.02594269067049,
              7.058618046343327,
              7.086573788896203,
              7.114529527723789,
              7.136790143325925,
              7.148393222130835,
              7.159996296279132
            ]
          }
        }
      }
    }
  }
}