{
  "trained": {
    "random_ablation": {
      "tracr-proportion": {
        "l2": {
          "16H": {
            "test_kl_div": [
              -Infinity,
              0.01717534288764,
              0.01717534288764,
              0.01717534288764,
              0.01717534288764,
              0.01717534288764,
              0.01717534288764,
              0.01717534288764,
              0.01717534288764,
              Infinity
            ],
            "test_l2": [
              -Infinity,
              0.21703705191612244,
              0.21703705191612244,
              0.21703705191612244,
              0.21703705191612244,
              0.21703705191612244,
              0.21703705191612244,
              0.21703705191612244,
              0.21703705191612244,
              Infinity
            ],
            "score": [
              -Infinity,
              0.0,
              0.0,
              0.0,
              0.0,
              0.0,
              0.0,
              0.0,
              0.0,
              Infinity
            ],
            "fpr": [
              1.0,
              0.8928571428571429,
              0.7857142857142857,
              0.4642857142857143,
              0.2857142857142857,
              0.2857142857142857,
              0.2857142857142857,
              0.17857142857142858,
              0.07142857142857142,
              0.0
            ],
            "tpr": [
              1.0,
              1.0,
              1.0,
              1.0,
              0.8,
              0.5,
              0.2,
              0.0,
              0.0,
              0.0
            ],
            "precision": [
              0.0,
              0.2857142857142857,
              0.3125,
              0.43478260869565216,
              0.5,
              0.38461538461538464,
              0.2,
              0.0,
              0.0,
              1.0
            ]
          }
        }
      }
    }
  }
}