{
  "trained": {
    "zero_ablation": {
      "tracr-reverse": {
        "kl_div": {
          "16H": {
            "test_kl_div": [
              -Infinity,
              0.09246326982975006,
              0.09246326982975006,
              0.09246326982975006,
              0.09246326982975006,
              0.09246326982975006,
              0.09246326982975006,
              0.09246326982975006,
              0.09246326982975006,
              0.09246326982975006,
              0.09246326982975006,
              0.09246326982975006,
              0.09246326982975006,
              0.09246326982975006,
              0.09246326982975006,
              0.09246326982975006,
              0.09246326982975006,
              Infinity
            ],
            "score": [
              -Infinity,
              0.0,
              0.0,
              0.0,
              0.0,
              0.0,
              0.0,
              0.0,
              0.0,
              0.0,
              0.0,
              0.0,
              0.0,
              0.7062597870826721,
              1.4125195741653442,
              1.461450770497322,
              1.461450770497322,
              Infinity
            ],
            "fpr": [
              1.0,
              0.967032967032967,
              0.9340659340659341,
              0.7802197802197802,
              0.6373626373626373,
              0.6043956043956044,
              0.5714285714285714,
              0.42857142857142855,
              0.34065934065934067,
              0.3076923076923077,
              0.27472527472527475,
              0.17582417582417584,
              0.10989010989010989,
              0.08791208791208792,
              0.07692307692307693,
              0.054945054945054944,
              0.02197802197802198,
              0.0
            ],
            "tpr": [
              1.0,
              1.0,
              1.0,
              0.8,
              0.6666666666666666,
              0.6666666666666666,
              0.6666666666666666,
              0.6666666666666666,
              0.4666666666666667,
              0.4666666666666667,
              0.4666666666666667,
              0.4666666666666667,
              0.4,
              0.3333333333333333,
              0.2,
              0.0,
              0.0,
              0.0
            ],
            "precision": [
              0.0,
              0.14563106796116504,
              0.15,
              0.14457831325301204,
              0.14705882352941177,
              0.15384615384615385,
              0.16129032258064516,
              0.20408163265306123,
              0.18421052631578946,
              0.2,
              0.21875,
              0.30434782608695654,
              0.375,
              0.38461538461538464,
              0.3,
              0.0,
              0.0,
              1.0
            ]
          }
        }
      }
    }
  }
}