{
  "reset": {
    "random_ablation": {
      "docstring": {
        "kl_div": {
          "ACDC": {
            "score": [
              Infinity,
              0.01,
              0.00631,
              0.00398,
              0.00251,
              0.00158,
              0.001,
              0.00063,
              0.0004,
              0.00025,
              0.00016,
              0.0001,
              -Infinity
            ],
            "fpr": [
              0.0,
              0.0014792899408284023,
              0.006656804733727811,
              0.01257396449704142,
              0.020710059171597635,
              0.03698224852071006,
              0.09319526627218935,
              0.128698224852071,
              0.15828402366863906,
              0.19600591715976332,
              0.22411242603550297,
              0.28920118343195267,
              1.0
            ],
            "tpr": [
              0.0,
              0.0,
              0.0,
              0.0,
              0.0,
              0.04,
              0.16,
              0.2,
              0.28,
              0.28,
              0.2,
              0.32,
              1.0
            ],
            "precision": [
              1.0,
              0.0,
              0.0,
              0.0,
              0.0,
              0.0196078431372549,
              0.03076923076923077,
              0.027932960893854747,
              0.03167420814479638,
              0.025735294117647058,
              0.016233766233766232,
              0.020050125313283207,
              0.0
            ],
            "n_edges": [
              NaN,
              2,
              9,
              17,
              28,
              51,
              130,
              179,
              221,
              272,
              308,
              399,
              NaN
            ]
          }
        }
      }
    }
  }
}