{
  "trained": {
    "zero_ablation": {
      "tracr-proportion": {
        "l2": {
          "ACDC": {
            "score": [
              Infinity,
              0.1,
              0.0631,
              0.03981,
              0.02512,
              0.01585,
              0.01,
              0.00631,
              0.00398,
              0.00251,
              0.00158,
              0.001,
              -Infinity
            ],
            "test_kl_div": [
              Infinity,
              0.08571884036064148,
              0.09529295563697815,
              0.09529295563697815,
              0.08659259974956512,
              0.08659259974956512,
              0.08659259974956512,
              0.08659259974956512,
              0.08659259974956512,
              0.08659259974956512,
              0.08659259974956512,
              0.08659259974956512,
              -Infinity
            ],
            "test_l2": [
              Infinity,
              0.14666666090488434,
              0.03703703731298447,
              0.03703703731298447,
              0.0,
              0.0,
              0.0,
              0.0,
              0.0,
              0.0,
              0.0,
              0.0,
              -Infinity
            ],
            "fpr": [
              0.0,
              0.0,
              0.0,
              0.0,
              0.0,
              0.0,
              0.0,
              0.0,
              0.0,
              0.0,
              0.0,
              0.0,
              1.0
            ],
            "tpr": [
              0.0,
              0.2,
              0.8,
              0.8,
              1.0,
              1.0,
              1.0,
              1.0,
              1.0,
              1.0,
              1.0,
              1.0,
              1.0
            ],
            "precision": [
              1.0,
              1.0,
              1.0,
              1.0,
              1.0,
              1.0,
              1.0,
              1.0,
              1.0,
              1.0,
              1.0,
              1.0,
              0.0
            ],
            "n_edges": [
              NaN,
              2,
              8,
              8,
              10,
              10,
              10,
              10,
              10,
              10,
              10,
              10,
              NaN
            ]
          }
        }
      }
    }
  }
}