{
  "reset": {
    "random_ablation": {
      "ioi": {
        "kl_div": {
          "ACDC": {
            "score": [
              Infinity,
              0.01,
              0.001,
              0.001,
              0.0001,
              0.0001,
              -Infinity
            ],
            "fpr": [
              0.0,
              0.00015109734446417105,
              0.013485437993427265,
              0.013485437993427265,
              0.06701167226985985,
              0.12046235787406036,
              1.0
            ],
            "tpr": [
              0.0,
              0.0013953488372093023,
              0.0965891472868217,
              0.0965891472868217,
              0.8206201550387597,
              0.6868217054263566,
              1.0
            ],
            "precision": [
              1.0,
              0.6923076923076923,
              0.6357142857142857,
              0.6357142857142857,
              0.7489741049950474,
              0.5814411340070875,
              0.0
            ],
            "n_edges": [
              NaN,
              13,
              980,
              980,
              7067,
              7619,
              NaN
            ]
          }
        }
      }
    }
  }
}