{
  "reset": {
    "random_ablation": {
      "docstring": {
        "docstring_metric": {
          "ACDC": {
            "score": [
              Infinity,
              0.01585,
              0.01,
              0.00631,
              0.00398,
              0.00251,
              0.00158,
              0.001,
              0.00063,
              0.0004,
              0.00025,
              0.00016,
              0.0001,
              -Infinity
            ],
            "fpr": [
              0.0,
              0.0007396449704142012,
              0.0007396449704142012,
              0.004437869822485207,
              0.014053254437869823,
              0.022189349112426034,
              0.03328402366863906,
              0.06656804733727811,
              0.11390532544378698,
              0.18269230769230768,
              0.22337278106508876,
              0.261094674556213,
              0.28994082840236685,
              1.0
            ],
            "tpr": [
              0.0,
              0.0,
              0.0,
              0.08,
              0.16,
              0.28,
              0.28,
              0.28,
              0.28,
              0.36,
              0.4,
              0.4,
              0.44,
              1.0
            ],
            "precision": [
              1.0,
              0.0,
              0.0,
              0.25,
              0.17391304347826086,
              0.1891891891891892,
              0.1346153846153846,
              0.07216494845360824,
              0.043478260869565216,
              0.03515625,
              0.03205128205128205,
              0.027548209366391185,
              0.02729528535980149,
              0.0
            ],
            "n_edges": [
              NaN,
              1,
              1,
              8,
              23,
              37,
              52,
              97,
              161,
              256,
              312,
              363,
              403,
              NaN
            ]
          }
        }
      }
    }
  }
}