{
  "trained": {
    "random_ablation": {
      "ioi": {
        "kl_div": {
          "ACDC": {
            "score": [
              Infinity,
              0.3154786722400967,
              0.29974212515947046,
              0.2811706625951746,
              0.2589737339615605,
              0.23207944168063888,
              0.19905358527674863,
              0.1796906831902313,
              0.158113883008419,
              0.13413478976398624,
              0.12559432157547906,
              0.10772173450159415,
              0.08891397050194615,
              0.07924465962305571,
              0.06457748325074421,
              0.05750000000000001,
              0.05,
              -Infinity
            ],
            "fpr": [
              0.0,
              0.0,
              0.0,
              0.0,
              0.0,
              0.0,
              0.0,
              0.0,
              0.0,
              0.0,
              0.0,
              7.554867223208552e-05,
              7.554867223208552e-05,
              7.554867223208552e-05,
              3.777433611604276e-05,
              7.554867223208552e-05,
              0.00015109734446417105,
              1.0
            ],
            "tpr": [
              0.0,
              0.0017054263565891472,
              0.0017054263565891472,
              0.0018604651162790699,
              0.0020155038759689923,
              0.00248062015503876,
              0.00248062015503876,
              0.00248062015503876,
              0.0027906976744186047,
              0.002945736434108527,
              0.002945736434108527,
              0.003565891472868217,
              0.004031007751937985,
              0.004496124031007752,
              0.005891472868217054,
              0.006356589147286822,
              0.007751937984496124,
              1.0
            ],
            "precision": [
              1.0,
              1.0,
              1.0,
              1.0,
              1.0,
              1.0,
              1.0,
              1.0,
              1.0,
              1.0,
              1.0,
              0.92,
              0.9285714285714286,
              0.9354838709677419,
              0.9743589743589743,
              0.9534883720930233,
              0.9259259259259259,
              0.0
            ]
          }
        }
      }
    }
  }
}