{
  "trained": {
    "zero_ablation": {
      "ioi": {
        "kl_div": {
          "ACDC": {
            "score": [
              Infinity,
              2.511886431509577,
              2.154434690031882,
              1.7782794100389228,
              1.389495494373136,
              1,
              0.46415888336127725,
              0.31622776601683794,
              0.2310129700083158,
              0.19306977288832497,
              0.15848931924611143,
              0.06579332246575675,
              0.05623413251903491,
              0.021544346900318825,
              0.01873817422860383,
              0.005336699231206307,
              0.003727593720314938,
              0.0017782794100389228,
              3.511191734215127e-05,
              -Infinity
            ],
            "fpr": [
              0.0,
              0.0,
              0.0,
              0.0006043893778566842,
              0.0009821327390171118,
              0.0018131681335700526,
              0.003739659275488233,
              0.006006119442450799,
              0.008121482264949194,
              0.0023042345030786083,
              0.010576814112491973,
              0.007441544214860424,
              0.003021946889283421,
              0.003361915914327806,
              0.0025308805197748648,
              0.002795300872587164,
              0.009556907037358819,
              0.010614588448608017,
              0.03705662372983795,
              1.0
            ],
            "tpr": [
              0.0,
              0.0001550387596899225,
              0.0001550387596899225,
              0.0021705426356589145,
              0.0032558139534883722,
              0.007131782945736434,
              0.01581395348837209,
              0.02310077519379845,
              0.8465116279069768,
              0.9162790697674419,
              0.039844961240310076,
              0.8568992248062015,
              0.9195348837209303,
              0.9223255813953488,
              0.9418604651162791,
              0.9570542635658915,
              0.9108527131782945,
              0.9319379844961241,
              0.9561240310077519,
              1.0
            ],
            "precision": [
              1.0,
              1.0,
              1.0,
              0.4666666666666667,
              0.44680851063829785,
              0.48936170212765956,
              0.5074626865671642,
              0.4837662337662338,
              0.9621145374449339,
              0.9897839557863004,
              0.478584729981378,
              0.9655835080363382,
              0.9866910663783064,
              0.9852600198741305,
              0.9890915011396939,
              0.9881543140707539,
              0.9587140992167101,
              0.9553401144310235,
              0.862758813654169,
              0.0
            ]
          }
        }
      }
    }
  }
}