{
  "trained": {
    "random_ablation": {
      "ioi": {
        "kl_div": {
          "ACDC": {
            "score": [
              Infinity,
              1,
              0.63096,
              0.39811,
              0.25119,
              0.15849,
              0.1,
              0.0631,
              0.03981,
              0.02512,
              0.01,
              0.00631,
              0.00251,
              0.00158,
              0.001,
              0.00063,
              0.0004,
              0.00025,
              0.00016,
              0.0001,
              -Infinity
            ],
            "fpr": [
              0.0,
              0.0,
              0.0,
              0.0,
              0.0,
              0.0,
              3.777433611604276e-05,
              0.00011332300834812829,
              0.0003021946889283421,
              0.0006421637139727269,
              0.002039814150266309,
              0.0024553318475427793,
              0.004004079628300533,
              0.002833075208703207,
              0.00396630529218449,
              0.005137309711781815,
              0.006308314131379141,
              0.0069127035092358255,
              0.008650322970573792,
              0.00766819023155668,
              1.0
            ],
            "tpr": [
              0.0,
              0.000310077519379845,
              0.0009302325581395349,
              0.0015503875968992248,
              0.0021705426356589145,
              0.00248062015503876,
              0.0032558139534883722,
              0.006201550387596899,
              0.012403100775193798,
              0.023410852713178294,
              0.04279069767441861,
              0.04883720930232558,
              0.057829457364341086,
              0.7922480620155039,
              0.8068217054263566,
              0.7989147286821705,
              0.786046511627907,
              0.8266666666666667,
              0.8082170542635659,
              0.8370542635658915,
              1.0
            ],
            "precision": [
              1.0,
              1.0,
              1.0,
              1.0,
              1.0,
              1.0,
              0.9545454545454546,
              0.9302325581395349,
              0.9090909090909091,
              0.8988095238095238,
              0.8363636363636363,
              0.8289473684210527,
              0.778705636743215,
              0.9855351976856316,
              0.9802222640798643,
              0.9742862544904519,
              0.9681115142257017,
              0.9668177697189483,
              0.9579198823961779,
              0.9637629418064977,
              0.0
            ],
            "n_edges": [
              NaN,
              2,
              6,
              10,
              14,
              16,
              22,
              43,
              88,
              168,
              330,
              380,
              479,
              5185,
              5309,
              5289,
              5237,
              5515,
              5442,
              5602,
              NaN
            ]
          }
        }
      }
    }
  }
}