{
  "reset": {
    "zero_ablation": {
      "tracr-proportion": {
        "kl_div": {
          "ACDC": {
            "test_l2": [
              Infinity,
              0.1985185295343399,
              0.1985185295343399,
              0.1985185295343399,
              0.1985185295343399,
              0.1985185295343399,
              0.1985185295343399,
              0.1985185295343399,
              0.1985185295343399,
              0.1985185295343399,
              -Infinity
            ],
            "score": [
              Infinity,
              0.03981,
              0.02512,
              0.01585,
              0.01,
              0.00631,
              0.00398,
              0.00251,
              0.00158,
              0.001,
              -Infinity
            ],
            "test_kl_div": [
              Infinity,
              0.017020313069224358,
              0.017020313069224358,
              0.017020313069224358,
              0.017020313069224358,
              0.017020313069224358,
              0.017020313069224358,
              0.017020313069224358,
              0.017020313069224358,
              0.017020313069224358,
              -Infinity
            ],
            "fpr": [
              0.0,
              0.03571428571428571,
              0.03571428571428571,
              0.03571428571428571,
              0.03571428571428571,
              0.03571428571428571,
              0.03571428571428571,
              0.03571428571428571,
              0.03571428571428571,
              0.03571428571428571,
              1.0
            ],
            "tpr": [
              0.0,
              0.0,
              0.0,
              0.0,
              0.0,
              0.0,
              0.0,
              0.0,
              0.0,
              0.0,
              1.0
            ],
            "precision": [
              1.0,
              0.0,
              0.0,
              0.0,
              0.0,
              0.0,
              0.0,
              0.0,
              0.0,
              0.0,
              0.0
            ],
            "n_edges": [
              NaN,
              1,
              1,
              1,
              1,
              1,
              1,
              1,
              1,
              1,
              NaN
            ]
          }
        }
      }
    }
  }
}