{
  "trained": {
    "zero_ablation": {
      "tracr-reverse": {
        "l2": {
          "ACDC": {
            "score": [
              Infinity,
              0.1,
              0.0631,
              0.03981,
              0.02512,
              0.01585,
              0.01,
              0.00631,
              0.00398,
              0.00251,
              0.00158,
              0.001,
              -Infinity
            ],
            "test_kl_div": [
              Infinity,
              6.139742936284165e-09,
              6.139742936284165e-09,
              6.139742936284165e-09,
              6.139742936284165e-09,
              6.139742936284165e-09,
              6.139742936284165e-09,
              6.139742936284165e-09,
              6.139742936284165e-09,
              6.139742936284165e-09,
              6.139742936284165e-09,
              6.139742936284165e-09,
              -Infinity
            ],
            "test_l2": [
              Infinity,
              1.1842378477584098e-13,
              1.1842378477584098e-13,
              1.1842378477584098e-13,
              1.1842378477584098e-13,
              1.1842378477584098e-13,
              1.1842378477584098e-13,
              1.1842378477584098e-13,
              1.1842378477584098e-13,
              1.1842378477584098e-13,
              1.1842378477584098e-13,
              1.1842378477584098e-13,
              -Infinity
            ],
            "edge_fpr": [
              0.0,
              0.0,
              0.0,
              0.0,
              0.0,
              0.0,
              0.0,
              0.0,
              0.0,
              0.0,
              0.0,
              0.0,
              1.0
            ],
            "edge_tpr": [
              0.0,
              1.0,
              1.0,
              1.0,
              1.0,
              1.0,
              1.0,
              1.0,
              1.0,
              1.0,
              1.0,
              1.0,
              1.0
            ],
            "edge_precision": [
              1.0,
              1.0,
              1.0,
              1.0,
              1.0,
              1.0,
              1.0,
              1.0,
              1.0,
              1.0,
              1.0,
              1.0,
              0.0
            ],
            "node_fpr": [
              0.0,
              0.0,
              0.0,
              0.0,
              0.0,
              0.0,
              0.0,
              0.0,
              0.0,
              0.0,
              0.0,
              0.0,
              1.0
            ],
            "node_tpr": [
              0.0,
              1.0,
              1.0,
              1.0,
              1.0,
              1.0,
              1.0,
              1.0,
              1.0,
              1.0,
              1.0,
              1.0,
              1.0
            ],
            "node_precision": [
              1.0,
              1.0,
              1.0,
              1.0,
              1.0,
              1.0,
              1.0,
              1.0,
              1.0,
              1.0,
              1.0,
              1.0,
              0.0
            ],
            "n_edges": [
              NaN,
              15,
              15,
              15,
              15,
              15,
              15,
              15,
              15,
              15,
              15,
              15,
              NaN
            ]
          }
        }
      }
    }
  }
}