{
  "reset": {
    "zero_ablation": {
      "ioi": {
        "kl_div": {
          "ACDC": {
            "test_kl_div": [
              Infinity,
              8.663265228271484,
              4.642823219299316,
              7.380897045135498,
              4.298372268676758,
              7.043725490570068,
              7.281054496765137,
              -Infinity
            ],
            "test_frac_correct": [
              Infinity,
              -0.5299999713897705,
              -0.4899999797344208,
              -0.4899999797344208,
              -0.5099999904632568,
              -0.4699999988079071,
              -0.4899999797344208,
              -Infinity
            ],
            "score": [
              Infinity,
              1,
              0.01,
              0.001,
              0.001,
              0.0001,
              0.0001,
              -Infinity
            ],
            "test_match_nll": [
              Infinity,
              11.968728065490723,
              6.496702671051025,
              9.852178573608398,
              5.940434455871582,
              9.536967277526855,
              10.076955795288086,
              -Infinity
            ],
            "test_logit_diff": [
              Infinity,
              -0.13319182395935059,
              0.15669536590576172,
              0.052353858947753906,
              -0.17609786987304688,
              -0.009799003601074219,
              0.029780864715576172,
              -Infinity
            ],
            "test_nll": [
              Infinity,
              12.483598709106445,
              7.011573314666748,
              10.367049217224121,
              6.455305576324463,
              10.051838874816895,
              10.591827392578125,
              -Infinity
            ],
            "fpr": [
              0.0,
              0.0,
              0.01340988932119518,
              0.057643636913081255,
              0.10172628716050315,
              0.09171608808975182,
              0.030710535262342763,
              1.0
            ],
            "tpr": [
              0.0,
              0.000310077519379845,
              0.05069767441860465,
              0.7088372093023256,
              0.6201550387596899,
              0.8175193798449613,
              0.9347286821705426,
              1.0
            ],
            "precision": [
              1.0,
              1.0,
              0.47947214076246336,
              0.7497540177107248,
              0.5976393246675631,
              0.6847162706142059,
              0.8811750950014615,
              0.0
            ],
            "n_edges": [
              NaN,
              2,
              682,
              6098,
              6693,
              7701,
              6842,
              NaN
            ]
          }
        }
      }
    }
  }
}