{
  "reset": {
    "zero_ablation": {
      "docstring": {
        "docstring_metric": {
          "ACDC": {
            "score": [
              Infinity,
              0.25119,
              0.15849,
              0.1,
              0.0631,
              0.03981,
              0.02512,
              0.01585,
              0.01,
              0.00631,
              0.00398,
              0.00251,
              0.00158,
              0.001,
              0.001,
              0.00063,
              0.0004,
              0.00025,
              0.00016,
              0.00016,
              0.0001,
              -Infinity
            ],
            "fpr": [
              0.0,
              0.0014792899408284023,
              0.005177514792899409,
              0.011834319526627219,
              0.028106508875739646,
              0.04585798816568047,
              0.1264792899408284,
              0.14423076923076922,
              0.22189349112426035,
              0.2581360946745562,
              0.33357988165680474,
              0.39497041420118345,
              0.3979289940828402,
              0.4460059171597633,
              0.3668639053254438,
              0.4386094674556213,
              0.47041420118343197,
              0.48520710059171596,
              0.4940828402366864,
              0.4282544378698225,
              0.37943786982248523,
              1.0
            ],
            "tpr": [
              0.0,
              0.12,
              0.08,
              0.2,
              0.2,
              0.32,
              0.32,
              0.4,
              0.4,
              0.4,
              0.44,
              0.52,
              0.48,
              0.44,
              0.8,
              0.8,
              0.52,
              0.56,
              0.48,
              0.84,
              0.84,
              1.0
            ],
            "precision": [
              1.0,
              0.6,
              0.2222222222222222,
              0.23809523809523808,
              0.11627906976744186,
              0.11428571428571428,
              0.0446927374301676,
              0.04878048780487805,
              0.03225806451612903,
              0.027855153203342618,
              0.023809523809523808,
              0.02376599634369287,
              0.02181818181818182,
              0.017915309446254073,
              0.03875968992248062,
              0.03262642740619902,
              0.020030816640986132,
              0.020895522388059702,
              0.01764705882352941,
              0.035,
              0.03932584269662921,
              0.0
            ],
            "n_edges": [
              NaN,
              5,
              9,
              21,
              43,
              70,
              179,
              205,
              310,
              359,
              462,
              547,
              550,
              614,
              516,
              613,
              649,
              670,
              680,
              600,
              534,
              NaN
            ]
          }
        }
      }
    }
  }
}