{
  "reset": {
    "zero_ablation": {
      "ioi": {
        "logit_diff": {
          "ACDC": {
            "score": [
              Infinity,
              0.1,
              0.01,
              0.001,
              0.001,
              0.0001,
              -Infinity
            ],
            "fpr": [
              0.0,
              0.0011710044195973256,
              0.03324141578211763,
              0.07180901295659729,
              0.1200468401767839,
              0.1736863974615646,
              1.0
            ],
            "tpr": [
              0.0,
              0.004651162790697674,
              0.09813953488372093,
              0.8082170542635659,
              0.7395348837209302,
              0.8288372093023256,
              1.0
            ],
            "precision": [
              1.0,
              0.4918032786885246,
              0.4183740912095175,
              0.7327804329491144,
              0.6001509813789633,
              0.5376106194690266,
              0.0
            ],
            "n_edges": [
              NaN,
              61,
              1513,
              7114,
              7948,
              9944,
              NaN
            ]
          }
        }
      }
    }
  }
}