{
  "trained": {
    "zero_ablation": {
      "greaterthan": {
        "kl_div": {
          "ACDC": {
            "score": [
              Infinity,
              1.7782794100389228,
              1.389495494373136,
              1.0,
              0.630957344480193,
              0.46415888336127725,
              0.31622776601683794,
              0.19306977288832497,
              0.1,
              0.05623413251903491,
              0.03981071705534969,
              0.026826957952797246,
              0.021544346900318822,
              0.01,
              0.004641588833612777,
              0.003727593720314938,
              0.0017782794100389228,
              0.001,
              0.00031622776601683794,
              0.00015848931924611142,
              5.623413251903491e-05,
              4.641588833612782e-05,
              -Infinity
            ],
            "fpr": [
              0.0,
              0.0003052409877598364,
              0.0012820121485913128,
              0.0012820121485913128,
              0.0012820121485913128,
              0.0004578614816397546,
              0.00036628918531180367,
              0.001617777235127133,
              0.00033576508653582004,
              0.0005494337779677056,
              0.005952199261316809,
              0.0004578614816397546,
              0.0005189096791917219,
              0.0005494337779677056,
              0.0201459051921492,
              0.023595128353835353,
              0.0007325783706236073,
              0.007081590916028204,
              0.02023747748847715,
              0.022007875217484204,
              0.0199627605994933,
              0.017917645981502396,
              1.0
            ],
            "tpr": [
              0.0,
              0.006172839506172839,
              0.006172839506172839,
              0.006172839506172839,
              0.006172839506172839,
              0.006172839506172839,
              0.006172839506172839,
              0.006172839506172839,
              0.006172839506172839,
              0.006172839506172839,
              0.7098765432098766,
              0.006172839506172839,
              0.006172839506172839,
              0.006172839506172839,
              0.5617283950617284,
              0.654320987654321,
              0.006172839506172839,
              0.5123456790123457,
              0.5617283950617284,
              0.46296296296296297,
              0.49382716049382713,
              0.5493827160493827,
              1.0
            ],
            "precision": [
              1.0,
              0.09090909090909091,
              0.023255813953488372,
              0.023255813953488372,
              0.023255813953488372,
              0.0625,
              0.07692307692307693,
              0.018518518518518517,
              0.08333333333333333,
              0.05263157894736842,
              0.3709677419354839,
              0.0625,
              0.05555555555555555,
              0.05263157894736842,
              0.12117177097203728,
              0.12059158134243458,
              0.04,
              0.2634920634920635,
              0.1206896551724138,
              0.0942211055276382,
              0.10899182561307902,
              0.13165680473372782,
              0.0
            ]
          }
        }
      }
    }
  }
}