{
  "reset": {
    "zero_ablation": {
      "docstring": {
        "kl_div": {
          "ACDC": {
            "score": [
              Infinity,
              1,
              1,
              0.63096,
              0.39811,
              0.25119,
              0.15849,
              0.0631,
              0.03981,
              0.02512,
              0.01585,
              0.01,
              0.00631,
              0.00398,
              0.00251,
              0.00158,
              0.001,
              0.00063,
              0.0004,
              0.00025,
              0.00016,
              0.0001,
              -Infinity
            ],
            "fpr": [
              0.0,
              0.0,
              0.0,
              0.0007396449704142012,
              0.01257396449704142,
              0.0022189349112426036,
              0.008136094674556213,
              0.028846153846153848,
              0.06656804733727811,
              0.08357988165680473,
              0.11538461538461539,
              0.1346153846153846,
              0.1834319526627219,
              0.20931952662721892,
              0.23076923076923078,
              0.25443786982248523,
              0.26997041420118345,
              0.27958579881656803,
              0.2869822485207101,
              0.28476331360946744,
              0.35428994082840237,
              0.35502958579881655,
              1.0
            ],
            "tpr": [
              0.0,
              0.04,
              0.04,
              0.04,
              0.12,
              0.16,
              0.16,
              0.2,
              0.2,
              0.24,
              0.32,
              0.32,
              0.36,
              0.4,
              0.4,
              0.44,
              0.44,
              0.44,
              0.36,
              0.36,
              0.44,
              0.44,
              1.0
            ],
            "precision": [
              1.0,
              1.0,
              1.0,
              0.5,
              0.15,
              0.5714285714285714,
              0.26666666666666666,
              0.11363636363636363,
              0.05263157894736842,
              0.05042016806722689,
              0.04878048780487805,
              0.042105263157894736,
              0.03501945525291829,
              0.034129692832764506,
              0.031055900621118012,
              0.030985915492957747,
              0.02925531914893617,
              0.028277634961439587,
              0.022670025188916875,
              0.02284263959390863,
              0.022448979591836733,
              0.02240325865580448,
              0.0
            ],
            "n_edges": [
              NaN,
              1,
              1,
              2,
              20,
              7,
              15,
              44,
              95,
              119,
              164,
              190,
              257,
              293,
              322,
              355,
              376,
              389,
              397,
              394,
              490,
              491,
              NaN
            ]
          }
        }
      }
    }
  }
}