{
  "reset": {
    "zero_ablation": {
      "greaterthan": {
        "greaterthan": {
          "ACDC": {
            "test_greaterthan": [
              Infinity,
              0.0008661018218845129,
              0.0008661018218845129,
              0.0008661018218845129,
              0.0008661018218845129,
              0.0008661018218845129,
              -Infinity
            ],
            "score": [
              Infinity,
              0.1,
              0.03162,
              0.01,
              0.00316,
              0.001,
              -Infinity
            ],
            "test_kl_div": [
              Infinity,
              7.058417797088623,
              7.058417797088623,
              7.058417797088623,
              7.058417797088623,
              7.058417797088623,
              -Infinity
            ],
            "edge_fpr": [
              0.0,
              0.0,
              0.0,
              0.0,
              0.0,
              0.0,
              1.0
            ],
            "edge_tpr": [
              0.0,
              0.0,
              0.0,
              0.0,
              0.0,
              0.0,
              1.0
            ],
            "edge_precision": [
              1.0,
              1,
              1,
              1,
              1,
              1,
              0.0
            ],
            "n_edges": [
              NaN,
              0,
              0,
              0,
              0,
              0,
              NaN
            ],
            "node_fpr": [
              0.0,
              0.0,
              0.0,
              0.0,
              0.0,
              0.0,
              1.0
            ],
            "node_tpr": [
              0.0,
              0.0,
              0.0,
              0.0,
              0.0,
              0.0,
              1.0
            ],
            "node_precision": [
              1.0,
              1,
              1,
              1,
              1,
              1,
              0.0
            ],
            "n_nodes": [
              NaN,
              0,
              0,
              0,
              0,
              0,
              NaN
            ]
          }
        }
      }
    }
  }
}