{
  "trained": {
    "random_ablation": {
      "greaterthan": {
        "kl_div": {
          "ACDC": {
            "score": [
              Infinity,
              0.1,
              0.02589737339615605,
              0.023207944168063887,
              0.019905358527674867,
              0.0158113883008419,
              0.013413478976398623,
              0.010772173450159418,
              0.008891397050194615,
              0.00792446596230557,
              0.006947477471865688,
              0.00359842836500576,
              0.003154786722400967,
              0.0028117066259517455,
              0.0023207944168063895,
              0.0023207944168063895,
              0.0023207944168063895,
              0.00186379686015747,
              0.0016666666666666663,
              0.0015811388300841897,
              0.0012559432157547902,
              0.0010772173450159417,
              0.000965348864441625,
              -Infinity
            ],
            "fpr": [
              0.0,
              0.0,
              0.00033576508653582004,
              0.001617777235127133,
              0.0005494337779677056,
              0.00018314459265590183,
              0.0003052409877598364,
              0.00036628918531180367,
              0.0004578614816397546,
              0.0010072952596074602,
              0.0005189096791917219,
              0.0004578614816397546,
              0.0007325783706236073,
              0.0005494337779677056,
              0.0008241506669515583,
              3.0524098775983637e-05,
              0.0003052409877598364,
              0.0009157229632795092,
              0.0012820121485913128,
              3.0524098775983637e-05,
              0.0011599157534873783,
              0.0008241506669515583,
              0.0013125362473672966,
              1.0
            ],
            "tpr": [
              0.0,
              0.030864197530864196,
              0.006172839506172839,
              0.006172839506172839,
              0.006172839506172839,
              0.16049382716049382,
              0.006172839506172839,
              0.006172839506172839,
              0.006172839506172839,
              0.2839506172839506,
              0.006172839506172839,
              0.006172839506172839,
              0.006172839506172839,
              0.006172839506172839,
              0.006172839506172839,
              0.012345679012345678,
              0.07407407407407407,
              0.006172839506172839,
              0.006172839506172839,
              0.0,
              0.006172839506172839,
              0.018518518518518517,
              0.024691358024691357,
              1.0
            ],
            "precision": [
              1.0,
              1.0,
              0.08333333333333333,
              0.018518518518518517,
              0.05263157894736842,
              0.8125,
              0.09090909090909091,
              0.07692307692307693,
              0.0625,
              0.5822784810126582,
              0.05555555555555555,
              0.0625,
              0.04,
              0.05263157894736842,
              0.03571428571428571,
              0.6666666666666666,
              0.5454545454545454,
              0.03225806451612903,
              0.023255813953488372,
              0.0,
              0.02564102564102564,
              0.1,
              0.0851063829787234,
              0.0
            ]
          }
        }
      }
    }
  }
}