{
  "trained": {
    "random_ablation": {
      "tracr-proportion": {
        "kl_div": {
          "ACDC": {
            "score": [
              Infinity,
              0.01,
              0.00631,
              0.00398,
              0.00251,
              0.00158,
              0.001,
              -Infinity
            ],
            "fpr": [
              0.0,
              0.03571428571428571,
              0.03571428571428571,
              0.07142857142857142,
              0.07142857142857142,
              0.07142857142857142,
              0.07142857142857142,
              1.0
            ],
            "tpr": [
              0.0,
              0.3,
              0.4,
              0.9,
              0.4,
              0.4,
              0.4,
              1.0
            ],
            "precision": [
              1.0,
              0.75,
              0.8,
              0.8181818181818182,
              0.6666666666666666,
              0.6666666666666666,
              0.6666666666666666,
              0.0
            ]
          }
        }
      }
    }
  }
}