{
  "trained": {
    "zero_ablation": {
      "tracr-proportion": {
        "kl_div": {
          "ACDC": {
            "score": [
              Infinity,
              0.0631,
              0.03981,
              0.02512,
              0.01585,
              0.01,
              0.00631,
              0.00398,
              0.00251,
              0.00158,
              0.001,
              -Infinity
            ],
            "fpr": [
              0.0,
              0.03571428571428571,
              0.03571428571428571,
              0.03571428571428571,
              0.03571428571428571,
              0.03571428571428571,
              0.03571428571428571,
              0.03571428571428571,
              0.03571428571428571,
              0.03571428571428571,
              0.03571428571428571,
              1.0
            ],
            "tpr": [
              0.0,
              0.0,
              0.0,
              0.0,
              0.0,
              0.2,
              0.6,
              0.8,
              1.0,
              1.0,
              1.0,
              1.0
            ],
            "precision": [
              1.0,
              0.0,
              0.0,
              0.0,
              0.0,
              0.6666666666666666,
              0.8571428571428571,
              0.8888888888888888,
              0.9090909090909091,
              0.9090909090909091,
              0.9090909090909091,
              0.0
            ],
            "n_edges": [
              NaN,
              1,
              1,
              1,
              1,
              3,
              7,
              9,
              11,
              11,
              11,
              NaN
            ]
          }
        }
      }
    }
  }
}