{
  "trained": {
    "random_ablation": {
      "greaterthan": {
        "kl_div": {
          "ACDC": {
            "score": [
              Infinity,
              0.39811,
              0.15849,
              0.1,
              0.0631,
              0.02512,
              0.01585,
              0.01,
              0.00631,
              0.00398,
              0.00251,
              0.00158,
              0.001,
              0.00063,
              0.0004,
              0.00025,
              0.00016,
              0.0001,
              -Infinity
            ],
            "fpr": [
              0.0,
              0.0,
              6.104819755196727e-05,
              9.157229632795092e-05,
              0.00021366869143188546,
              0.0004883855804157382,
              0.0004578614816397546,
              0.0007936265681755746,
              0.0009462470620554928,
              0.0012209639510393456,
              0.0018009218277830346,
              0.002533500198406642,
              0.0033271267665822167,
              0.004029181038429841,
              0.005463813680901071,
              0.008577271756051403,
              0.011232868349561978,
              0.017337688104758706,
              1.0
            ],
            "tpr": [
              0.0,
              0.006172839506172839,
              0.043209876543209874,
              0.08641975308641975,
              0.11728395061728394,
              0.2222222222222222,
              0.2716049382716049,
              0.3271604938271605,
              0.35185185185185186,
              0.36419753086419754,
              0.38271604938271603,
              0.4382716049382716,
              0.4567901234567901,
              0.4691358024691358,
              0.5,
              0.5185185185185185,
              0.5246913580246914,
              0.5679012345679012,
              1.0
            ],
            "precision": [
              1.0,
              1.0,
              0.7777777777777778,
              0.8235294117647058,
              0.7307692307692307,
              0.6923076923076923,
              0.7457627118644068,
              0.6708860759493671,
              0.6477272727272727,
              0.5959595959595959,
              0.512396694214876,
              0.461038961038961,
              0.40437158469945356,
              0.36538461538461536,
              0.31153846153846154,
              0.23013698630136986,
              0.18763796909492272,
              0.1393939393939394,
              0.0
            ],
            "n_edges": [
              NaN,
              1,
              9,
              17,
              26,
              52,
              59,
              79,
              88,
              99,
              121,
              154,
              183,
              208,
              260,
              365,
              453,
              660,
              NaN
            ]
          }
        }
      }
    }
  }
}