{
  "reset": {
    "zero_ablation": {
      "tracr-proportion": {
        "l2": {
          "ACDC": {
            "score": [
              Infinity,
              0.1,
              0.0631,
              0.03981,
              0.02512,
              0.01585,
              0.01,
              0.00631,
              0.00398,
              0.00251,
              0.00158,
              0.001,
              -Infinity
            ],
            "test_kl_div": [
              Infinity,
              0.08642131090164185,
              0.08642131090164185,
              0.08642131090164185,
              0.08642131090164185,
              0.08642131090164185,
              0.08642131090164185,
              0.08642131090164185,
              0.08642131090164185,
              0.08642131090164185,
              0.08642131090164185,
              0.08642131090164185,
              -Infinity
            ],
            "test_l2": [
              Infinity,
              0.11851852387189865,
              0.11851852387189865,
              0.11851852387189865,
              0.11851852387189865,
              0.11851852387189865,
              0.11851852387189865,
              0.11851852387189865,
              0.11851852387189865,
              0.11851852387189865,
              0.11851852387189865,
              0.11851852387189865,
              -Infinity
            ],
            "fpr": [
              0.0,
              0.0,
              0.0,
              0.0,
              0.0,
              0.0,
              0.0,
              0.0,
              0.0,
              0.0,
              0.0,
              0.0,
              1.0
            ],
            "tpr": [
              0.0,
              0.0,
              0.0,
              0.0,
              0.0,
              0.0,
              0.0,
              0.0,
              0.0,
              0.0,
              0.0,
              0.0,
              1.0
            ],
            "precision": [
              1.0,
              1,
              1,
              1,
              1,
              1,
              1,
              1,
              1,
              1,
              1,
              1,
              0.0
            ],
            "n_edges": [
              NaN,
              0,
              0,
              0,
              0,
              0,
              0,
              0,
              0,
              0,
              0,
              0,
              NaN
            ]
          }
        }
      }
    }
  }
}