{
  "reset": {
    "zero_ablation": {
      "ioi": {
        "kl_div": {
          "ACDC": {
            "score": [
              Infinity,
              1,
              0.01,
              0.001,
              0.001,
              0.0001,
              0.0001,
              -Infinity
            ],
            "fpr": [
              0.0,
              0.0,
              0.01340988932119518,
              0.057643636913081255,
              0.10172628716050315,
              0.09171608808975182,
              0.030710535262342763,
              1.0
            ],
            "tpr": [
              0.0,
              0.000310077519379845,
              0.05069767441860465,
              0.7088372093023256,
              0.6201550387596899,
              0.8175193798449613,
              0.9347286821705426,
              1.0
            ],
            "precision": [
              1.0,
              1.0,
              0.47947214076246336,
              0.7497540177107248,
              0.5976393246675631,
              0.6847162706142059,
              0.8811750950014615,
              0.0
            ],
            "n_edges": [
              NaN,
              2,
              682,
              6098,
              6693,
              7701,
              6842,
              NaN
            ]
          }
        }
      }
    }
  }
}