{
  "reset": {
    "random_ablation": {
      "greaterthan": {
        "kl_div": {
          "ACDC": {
            "score": [
              Infinity,
              0.01,
              0.001,
              0.0001,
              0.0001,
              -Infinity
            ],
            "test_kl_div": [
              Infinity,
              15.939274787902832,
              14.647380828857422,
              15.96947193145752,
              15.5928955078125,
              -Infinity
            ],
            "test_greaterthan": [
              Infinity,
              4.240025646140566e-06,
              1.2810243788408116e-05,
              4.1699831854202785e-06,
              5.628342023555888e-06,
              -Infinity
            ],
            "fpr": [
              0.0,
              0.0019535423216629527,
              0.027471688898385273,
              0.07750068679222245,
              0.14089923994994047,
              1.0
            ],
            "tpr": [
              0.0,
              0.043209876543209874,
              0.1728395061728395,
              0.7283950617283951,
              0.5802469135802469,
              1.0
            ],
            "precision": [
              1.0,
              0.09859154929577464,
              0.03017241379310345,
              0.04441098983816334,
              0.019957537154989383,
              0.0
            ],
            "n_edges": [
              NaN,
              71,
              928,
              2657,
              4710,
              NaN
            ]
          }
        }
      }
    }
  }
}