{
  "trained": {
    "zero_ablation": {
      "tracr-reverse": {
        "kl_div": {
          "ACDC": {
            "score": [
              Infinity,
              0.0631,
              0.03981,
              0.02512,
              0.01585,
              0.01,
              0.00631,
              0.00398,
              0.00251,
              0.00158,
              0.001,
              -Infinity
            ],
            "fpr": [
              0.0,
              0.0,
              0.0,
              0.0,
              0.0,
              0.0,
              0.0,
              0.0,
              0.0,
              0.0,
              0.0,
              1.0
            ],
            "tpr": [
              0.0,
              0.5333333333333333,
              0.5333333333333333,
              0.5333333333333333,
              0.5333333333333333,
              0.5333333333333333,
              1.0,
              0.5333333333333333,
              0.5333333333333333,
              0.5333333333333333,
              0.5333333333333333,
              1.0
            ],
            "precision": [
              1.0,
              1.0,
              1.0,
              1.0,
              1.0,
              1.0,
              1.0,
              1.0,
              1.0,
              1.0,
              1.0,
              0.0
            ]
          }
        }
      }
    }
  }
}