{
  "reset": {
    "zero_ablation": {
      "tracr-reverse": {
        "l2": {
          "ACDC": {
            "test_l2": [
              Infinity,
              0.33333295583724976,
              0.33333295583724976,
              0.33333295583724976,
              0.33333295583724976,
              0.33333295583724976,
              0.33333295583724976,
              0.33333295583724976,
              0.33333295583724976,
              0.33333295583724976,
              0.33333295583724976,
              0.33333295583724976,
              -Infinity
            ],
            "score": [
              Infinity,
              0.1,
              0.0631,
              0.03981,
              0.02512,
              0.01585,
              0.01,
              0.00631,
              0.00398,
              0.00251,
              0.00158,
              0.001,
              -Infinity
            ],
            "test_kl_div": [
              Infinity,
              0.09246327728033066,
              0.09246327728033066,
              0.09246327728033066,
              0.09246327728033066,
              0.09246327728033066,
              0.09246327728033066,
              0.09246327728033066,
              0.09246327728033066,
              0.09246327728033066,
              0.09246327728033066,
              0.09246327728033066,
              -Infinity
            ],
            "edge_fpr": [
              0.0,
              0.0,
              0.0,
              0.0,
              0.0,
              0.0,
              0.0,
              0.0,
              0.0,
              0.0,
              0.0,
              0.0,
              1.0
            ],
            "edge_tpr": [
              0.0,
              0.0,
              0.0,
              0.0,
              0.0,
              0.0,
              0.0,
              0.0,
              0.0,
              0.0,
              0.0,
              0.0,
              1.0
            ],
            "edge_precision": [
              1.0,
              1,
              1,
              1,
              1,
              1,
              1,
              1,
              1,
              1,
              1,
              1,
              0.0
            ],
            "node_fpr": [
              0.0,
              0.0,
              0.0,
              0.0,
              0.0,
              0.0,
              0.0,
              0.0,
              0.0,
              0.0,
              0.0,
              0.0,
              1.0
            ],
            "node_tpr": [
              0.0,
              0.0,
              0.0,
              0.0,
              0.0,
              0.0,
              0.0,
              0.0,
              0.0,
              0.0,
              0.0,
              0.0,
              1.0
            ],
            "node_precision": [
              1.0,
              1,
              1,
              1,
              1,
              1,
              1,
              1,
              1,
              1,
              1,
              1,
              0.0
            ],
            "n_edges": [
              NaN,
              0,
              0,
              0,
              0,
              0,
              0,
              0,
              0,
              0,
              0,
              0,
              NaN
            ]
          }
        }
      }
    }
  }
}