{
  "trained": {
    "random_ablation": {
      "ioi": {
        "kl_div": {
          "ACDC": {
            "score": [
              Infinity,
              1,
              0.63096,
              0.39811,
              0.25119,
              0.15849,
              0.1,
              0.0631,
              0.03981,
              0.02512,
              0.01,
              0.00631,
              0.00251,
              0.00158,
              0.001,
              0.00063,
              0.0004,
              0.00025,
              0.00016,
              0.0001,
              -Infinity
            ],
            "fpr": [
              0.0,
              0.0,
              0.0,
              0.0,
              0.0,
              0.0,
              3.777433611604276e-05,
              0.00011332300834812829,
              0.0003021946889283421,
              0.0006421637139727269,
              0.001586522116873796,
              0.0014731991085256677,
              0.0020020398141502665,
              0.0016242964529898387,
              0.0029463982170513355,
              0.00396630529218449,
              0.005401730064594114,
              0.005363955728478072,
              0.0069882521814679105,
              0.0057416990896385,
              1.0
            ],
            "tpr": [
              0.0,
              0.000310077519379845,
              0.0009302325581395349,
              0.0015503875968992248,
              0.0021705426356589145,
              0.00248062015503876,
              0.0032558139534883722,
              0.006201550387596899,
              0.012403100775193798,
              0.023410852713178294,
              0.8097674418604651,
              0.8051162790697675,
              0.8088372093023256,
              0.8432558139534884,
              0.8558139534883721,
              0.8496124031007752,
              0.8378294573643411,
              0.8644961240310077,
              0.8441860465116279,
              0.8648062015503876,
              1.0
            ],
            "precision": [
              1.0,
              1.0,
              1.0,
              1.0,
              1.0,
              1.0,
              0.9545454545454546,
              0.9302325581395349,
              0.9090909090909091,
              0.8988095238095238,
              0.992022792022792,
              0.992545871559633,
              0.9899430740037951,
              0.992156147391463,
              0.9860664523043944,
              0.981199641897941,
              0.9742202992608617,
              0.975166142007695,
              0.9671403197158082,
              0.9734729493891797,
              0.0
            ]
          }
        }
      }
    }
  }
}