{
  "reset": {
    "random_ablation": {
      "ioi": {
        "logit_diff": {
          "ACDC": {
            "score": [
              Infinity,
              0.01,
              0.001,
              0.001,
              0.001,
              0.001,
              0.0001,
              0.0001,
              0.0001,
              0.0001,
              -Infinity
            ],
            "fpr": [
              0.0,
              0.00033996902504438483,
              0.017489517621727797,
              0.010161296415215503,
              0.022664601669625657,
              0.01858497336909304,
              0.05363955728478072,
              0.0325992520681449,
              0.026177614928417633,
              0.12016016318513202,
              1.0
            ],
            "tpr": [
              0.0,
              0.002325581395348837,
              0.6694573643410853,
              0.8387596899224806,
              0.12666666666666668,
              0.6404651162790698,
              0.8610852713178294,
              0.9336434108527132,
              0.9586046511627907,
              0.7361240310077519,
              1.0
            ],
            "precision": [
              1.0,
              0.625,
              0.9031583350763439,
              0.9526325057228385,
              0.5765702187720536,
              0.8935756002595717,
              0.7963865787209636,
              0.8746550472040668,
              0.8992146596858639,
              0.5988144784966578,
              0.0
            ],
            "n_edges": [
              NaN,
              24,
              4781,
              5679,
              1417,
              4623,
              6974,
              6885,
              6876,
              7929,
              NaN
            ]
          }
        }
      }
    }
  }
}