{
  "trained": {
    "random_ablation": {
      "tracr-proportion": {
        "l2": {
          "ACDC": {
            "test_kl_div": [
              Infinity,
              0.00640749791637063,
              0.00640749791637063,
              0.00640749791637063,
              0.00640749791637063,
              0.00640749791637063,
              -6.007197517199359e-10,
              -6.007197517199359e-10,
              -6.007197517199359e-10,
              -6.007197517199359e-10,
              -6.007197517199359e-10,
              -6.007197517199359e-10,
              -Infinity
            ],
            "score": [
              Infinity,
              0.1,
              0.0631,
              0.03981,
              0.02512,
              0.01585,
              0.01,
              0.00631,
              0.00398,
              0.00251,
              0.00158,
              0.001,
              -Infinity
            ],
            "test_l2": [
              Infinity,
              0.038333334028720856,
              0.038333334028720856,
              0.038333334028720856,
              0.038333334028720856,
              0.038333334028720856,
              4.7882550823881434e-17,
              4.7882550823881434e-17,
              4.7882550823881434e-17,
              4.7882550823881434e-17,
              4.7882550823881434e-17,
              4.7882550823881434e-17,
              -Infinity
            ],
            "edge_fpr": [
              0.0,
              0.0,
              0.0,
              0.03571428571428571,
              0.03571428571428571,
              0.03571428571428571,
              0.03571428571428571,
              0.03571428571428571,
              0.03571428571428571,
              0.03571428571428571,
              0.03571428571428571,
              0.03571428571428571,
              1.0
            ],
            "edge_tpr": [
              0.0,
              0.4,
              0.4,
              0.5,
              0.5,
              0.5,
              0.6,
              0.6,
              0.6,
              0.6,
              0.6,
              0.6,
              1.0
            ],
            "edge_precision": [
              1.0,
              1.0,
              1.0,
              0.8333333333333334,
              0.8333333333333334,
              0.8333333333333334,
              0.8571428571428571,
              0.8571428571428571,
              0.8571428571428571,
              0.8571428571428571,
              0.8571428571428571,
              0.8571428571428571,
              0.0
            ],
            "node_fpr": [
              0.0,
              0.0,
              0.0,
              0.0,
              0.0,
              0.0,
              0.0,
              0.0,
              0.0,
              0.0,
              0.0,
              0.0,
              1.0
            ],
            "node_tpr": [
              0.0,
              0.5454545454545454,
              0.5454545454545454,
              0.7272727272727273,
              0.7272727272727273,
              0.7272727272727273,
              0.7272727272727273,
              0.7272727272727273,
              0.7272727272727273,
              0.7272727272727273,
              0.7272727272727273,
              0.7272727272727273,
              1.0
            ],
            "node_precision": [
              1.0,
              1.0,
              1.0,
              1.0,
              1.0,
              1.0,
              1.0,
              1.0,
              1.0,
              1.0,
              1.0,
              1.0,
              0.0
            ],
            "n_edges": [
              NaN,
              4,
              4,
              6,
              6,
              6,
              7,
              7,
              7,
              7,
              7,
              7,
              NaN
            ]
          }
        }
      }
    }
  }
}