{
  "trained": {
    "zero_ablation": {
      "tracr-proportion": {
        "l2": {
          "ACDC": {
            "test_kl_div": [
              Infinity,
              0.08642131090164185,
              0.09108591079711914,
              0.09108591079711914,
              0.0869406908750534,
              0.0869406908750534,
              0.0869406908750534,
              0.0869406908750534,
              0.0869406908750534,
              0.0869406908750534,
              0.0869406908750534,
              0.0869406908750534,
              -Infinity
            ],
            "score": [
              Infinity,
              0.1,
              0.0631,
              0.03981,
              0.02512,
              0.01585,
              0.01,
              0.00631,
              0.00398,
              0.00251,
              0.00158,
              0.001,
              -Infinity
            ],
            "test_l2": [
              Infinity,
              0.11851852387189865,
              0.01537037082016468,
              0.01537037082016468,
              0.0,
              0.0,
              0.0,
              0.0,
              0.0,
              0.0,
              0.0,
              0.0,
              -Infinity
            ],
            "edge_fpr": [
              0.0,
              0.0,
              0.0,
              0.0,
              0.0,
              0.0,
              0.0,
              0.0,
              0.0,
              0.0,
              0.0,
              0.0,
              1.0
            ],
            "edge_tpr": [
              0.0,
              0.2,
              0.8,
              0.8,
              1.0,
              1.0,
              1.0,
              1.0,
              1.0,
              1.0,
              1.0,
              1.0,
              1.0
            ],
            "edge_precision": [
              1.0,
              1.0,
              1.0,
              1.0,
              1.0,
              1.0,
              1.0,
              1.0,
              1.0,
              1.0,
              1.0,
              1.0,
              0.0
            ],
            "node_fpr": [
              0.0,
              0.0,
              0.0,
              0.0,
              0.0,
              0.0,
              0.0,
              0.0,
              0.0,
              0.0,
              0.0,
              0.0,
              1.0
            ],
            "node_tpr": [
              0.0,
              0.36363636363636365,
              1.0,
              1.0,
              1.0,
              1.0,
              1.0,
              1.0,
              1.0,
              1.0,
              1.0,
              1.0,
              1.0
            ],
            "node_precision": [
              1.0,
              1.0,
              1.0,
              1.0,
              1.0,
              1.0,
              1.0,
              1.0,
              1.0,
              1.0,
              1.0,
              1.0,
              0.0
            ],
            "n_edges": [
              NaN,
              2,
              8,
              8,
              10,
              10,
              10,
              10,
              10,
              10,
              10,
              10,
              NaN
            ]
          }
        }
      }
    }
  }
}