{
  "reset": {
    "zero_ablation": {
      "greaterthan": {
        "greaterthan": {
          "SP": {
            "test_kl_div": [
              Infinity,
              139.7317123413086,
              138.71814393997192,
              182.4070401191711,
              270.36386585235596,
              292.41934299468994,
              -Infinity
            ],
            "test_greaterthan": [
              Infinity,
              0.04161071078851819,
              0.04161784495227039,
              0.003708556929268525,
              -0.00590303666505676,
              -0.00041617232459145725,
              -Infinity
            ],
            "score": [
              Infinity,
              100,
              3.162,
              0.1,
              0.003,
              0,
              -Infinity
            ],
            "edge_fpr": [
              0.0,
              0.0906008491920457,
              0.0839417173229068,
              0.22622720469193877,
              0.9371658979136757,
              0.9860097137795155,
              1.0
            ],
            "edge_tpr": [
              0.0,
              0.3924731182795699,
              0.3924731182795699,
              0.4946236559139785,
              0.8172043010752689,
              0.8817204301075269,
              1.0
            ],
            "edge_precision": [
              1.0,
              0.024021059559065482,
              0.02587734845799362,
              0.012269938650306749,
              0.004929942916450441,
              0.0050550195727892,
              0.0
            ],
            "n_edges": [
              NaN,
              3039,
              2821,
              7498,
              30832,
              32443,
              NaN
            ],
            "node_fpr": [
              0.0,
              0.4330543933054393,
              0.4309623430962343,
              0.4686192468619247,
              0.7625523012552301,
              0.9267782426778243,
              1.0
            ],
            "node_tpr": [
              0.0,
              0.5151515151515151,
              0.5151515151515151,
              0.5454545454545454,
              0.7727272727272727,
              0.8939393939393939,
              1.0
            ],
            "node_precision": [
              1.0,
              0.07589285714285714,
              0.07623318385650224,
              0.0743801652892562,
              0.06538461538461539,
              0.06243386243386243,
              0.0
            ],
            "n_nodes": [
              NaN,
              448,
              446,
              484,
              780,
              945,
              NaN
            ]
          }
        }
      }
    }
  }
}