{
  "reset": {
    "zero_ablation": {
      "greaterthan": {
        "kl_div": {
          "SP": {
            "test_kl_div": [
              Infinity,
              64.41733431816101,
              65.91566276550293,
              64.50974011421204,
              67.98384213447571,
              62.796411991119385,
              -Infinity
            ],
            "score": [
              Infinity,
              31.623,
              4.217,
              0.562,
              0.075,
              0.01,
              -Infinity
            ],
            "test_greaterthan": [
              Infinity,
              -2.1225958755239844,
              -1.6515514212660491,
              -2.3528454322367907,
              -2.6074014657642692,
              -2.39866210683249,
              -Infinity
            ],
            "edge_fpr": [
              0.0,
              0.7404160430094389,
              0.9426031707242569,
              0.9881174206555274,
              0.9833827168036167,
              0.9819164859333476,
              1.0
            ],
            "edge_tpr": [
              0.0,
              0.7741935483870968,
              0.9247311827956989,
              0.978494623655914,
              0.967741935483871,
              0.9301075268817204,
              1.0
            ],
            "edge_precision": [
              1.0,
              0.0059057540089406555,
              0.005543022881082823,
              0.005594835536427913,
              0.005560189046427579,
              0.005353054025620398,
              0.0
            ],
            "n_edges": [
              NaN,
              24383,
              31030,
              32530,
              32373,
              32318,
              NaN
            ],
            "node_fpr": [
              0.0,
              0.6715481171548117,
              0.8315899581589958,
              0.899581589958159,
              0.9006276150627615,
              0.893305439330544,
              1.0
            ],
            "node_tpr": [
              0.0,
              0.6666666666666666,
              0.8939393939393939,
              0.9393939393939394,
              0.9090909090909091,
              0.9090909090909091,
              1.0
            ],
            "node_precision": [
              1.0,
              0.0641399416909621,
              0.06908665105386416,
              0.06724511930585683,
              0.06514657980456026,
              0.06564551422319474,
              0.0
            ],
            "n_nodes": [
              NaN,
              686,
              854,
              922,
              921,
              914,
              NaN
            ]
          }
        }
      }
    }
  }
}