{
  "trained": {
    "zero_ablation": {
      "greaterthan": {
        "kl_div": {
          "SP": {
            "test_greaterthan": [
              Infinity,
              -12.926243171095848,
              -13.451325446367264,
              -13.118869617581367,
              -Infinity
            ],
            "score": [
              Infinity,
              0.025,
              0.016,
              0.01,
              -Infinity
            ],
            "test_kl_div": [
              Infinity,
              6.103314012289047,
              4.514944277703762,
              7.781105503439903,
              -Infinity
            ],
            "edge_fpr": [
              0.0,
              0.9979533860769161,
              0.9979228396004521,
              0.9903167669609311,
              1.0
            ],
            "edge_tpr": [
              0.0,
              0.9838709677419355,
              0.9946236559139785,
              0.989247311827957,
              1.0
            ],
            "edge_precision": [
              1.0,
              0.0055702675554743855,
              0.005630973397455409,
              0.005643479327689854,
              0.0
            ],
            "n_edges": [
              NaN,
              32853,
              32854,
              32604,
              NaN
            ],
            "node_fpr": [
              0.0,
              0.9299163179916318,
              0.9288702928870293,
              0.9403765690376569,
              1.0
            ],
            "node_tpr": [
              0.0,
              0.9545454545454546,
              0.9848484848484849,
              0.9696969696969697,
              1.0
            ],
            "node_precision": [
              1.0,
              0.0661764705882353,
              0.06820566631689402,
              0.06645898234683281,
              0.0
            ],
            "n_nodes": [
              NaN,
              952,
              953,
              963,
              NaN
            ]
          }
        }
      }
    }
  }
}