{
  "reset": {
    "random_ablation": {
      "greaterthan": {
        "greaterthan": {
          "SP": {
            "score": [
              Infinity,
              100,
              3.162,
              0.1,
              0.003,
              0,
              -Infinity
            ],
            "test_kl_div": [
              Infinity,
              322.8045539855957,
              322.8011054992676,
              322.80249214172363,
              322.80027961730957,
              339.2984085083008,
              -Infinity
            ],
            "test_greaterthan": [
              Infinity,
              7.320592999349174e-05,
              7.320827035073307e-05,
              7.32026906007377e-05,
              7.317279687413247e-05,
              2.2110763893579133e-05,
              -Infinity
            ],
            "fpr": [
              0.0,
              0.08723787430176123,
              0.08388022343640304,
              0.08394127163395501,
              0.0927322120814383,
              0.9815329202405298,
              1.0
            ],
            "tpr": [
              0.0,
              0.4506172839506173,
              0.4506172839506173,
              0.4506172839506173,
              0.4506172839506173,
              1.0,
              1.0
            ],
            "precision": [
              1.0,
              0.02490617536676902,
              0.02587734845799362,
              0.02585901523202267,
              0.023465123754419802,
              0.005012686428615632,
              0.0
            ],
            "n_edges": [
              NaN,
              2931,
              2821,
              2823,
              3111,
              32318,
              NaN
            ]
          }
        }
      }
    }
  }
}