{
  "reset": {
    "random_ablation": {
      "greaterthan": {
        "greaterthan": {
          "SP": {
            "test_kl_div": [
              Infinity,
              322.7955131530762,
              322.8020782470703,
              322.7991752624512,
              322.79834938049316,
              339.66676330566406,
              -Infinity
            ],
            "score": [
              Infinity,
              100,
              3.162,
              0.1,
              0.003,
              0,
              -Infinity
            ],
            "test_greaterthan": [
              Infinity,
              7.503916231144103e-05,
              7.502517541979614e-05,
              7.505464213863888e-05,
              7.50560104734177e-05,
              2.5082248384933337e-05,
              -Infinity
            ],
            "edge_fpr": [
              0.0,
              0.0839417173229068,
              0.10605736628279928,
              0.08620215658123835,
              0.0839417173229068,
              0.9544552035922657,
              1.0
            ],
            "edge_tpr": [
              0.0,
              0.3924731182795699,
              0.3924731182795699,
              0.3924731182795699,
              0.3924731182795699,
              0.9193548387096774,
              1.0
            ],
            "edge_precision": [
              1.0,
              0.02587734845799362,
              0.02059238363892807,
              0.02521588946459413,
              0.02587734845799362,
              0.005442913072540344,
              0.0
            ],
            "n_edges": [
              NaN,
              2821,
              3545,
              2895,
              2821,
              31417,
              NaN
            ],
            "node_fpr": [
              0.0,
              0.4309623430962343,
              0.4351464435146444,
              0.4330543933054393,
              0.4309623430962343,
              0.8891213389121339,
              1.0
            ],
            "node_tpr": [
              0.0,
              0.5151515151515151,
              0.5151515151515151,
              0.5151515151515151,
              0.5151515151515151,
              0.8333333333333334,
              1.0
            ],
            "node_precision": [
              1.0,
              0.07623318385650224,
              0.07555555555555556,
              0.07589285714285714,
              0.07623318385650224,
              0.06077348066298342,
              0.0
            ],
            "n_nodes": [
              NaN,
              446,
              450,
              448,
              446,
              905,
              NaN
            ]
          }
        }
      }
    }
  }
}