{
  "reset": {
    "zero_ablation": {
      "greaterthan": {
        "kl_div": {
          "SP": {
            "test_greaterthan": [
              Infinity,
              -2.1225958755239844,
              -1.6515514212660491,
              -2.3528454322367907,
              -2.6074014657642692,
              -2.39866210683249,
              -Infinity
            ],
            "score": [
              Infinity,
              31.623,
              4.217,
              0.562,
              0.075,
              0.01,
              -Infinity
            ],
            "test_kl_div": [
              Infinity,
              64.41733431816101,
              65.91566276550293,
              64.50974011421204,
              67.98384213447571,
              62.796411991119385,
              -Infinity
            ],
            "edge_fpr": [
              0.0,
              0.2272352384152488,
              0.5847206524727373,
              0.7741088065491646,
              0.7648837706570547,
              0.7479304762195681,
              1.0
            ],
            "edge_tpr": [
              0.0,
              0.25268817204301075,
              0.7580645161290323,
              0.8924731182795699,
              0.8387096774193549,
              0.8333333333333334,
              1.0
            ],
            "edge_precision": [
              1.0,
              0.006278386321132781,
              0.0073121402271430795,
              0.006507762270660185,
              0.006191458961739959,
              0.006290584415584416,
              0.0
            ],
            "n_edges": [
              NaN,
              7486,
              19283,
              25508,
              25196,
              24640,
              NaN
            ],
            "node_fpr": [
              0.0,
              0.3807531380753138,
              0.6715481171548117,
              0.801255230125523,
              0.803347280334728,
              0.7887029288702929,
              1.0
            ],
            "node_tpr": [
              0.0,
              0.3787878787878788,
              0.7878787878787878,
              0.8787878787878788,
              0.8181818181818182,
              0.8181818181818182,
              1.0
            ],
            "node_precision": [
              1.0,
              0.06426735218508997,
              0.07492795389048991,
              0.0703883495145631,
              0.06569343065693431,
              0.06683168316831684,
              0.0
            ],
            "n_nodes": [
              NaN,
              389,
              694,
              824,
              822,
              808,
              NaN
            ]
          }
        }
      }
    }
  }
}