{
  "reset": {
    "random_ablation": {
      "greaterthan": {
        "greaterthan": {
          "SP": {
            "score": [
              Infinity,
              100,
              100,
              3.162,
              3.162,
              0.1,
              0.1,
              0.003,
              0.003,
              0,
              0,
              -Infinity
            ],
            "test_greaterthan": [
              Infinity,
              7.503916231144103e-05,
              7.320592999349174e-05,
              7.502517541979614e-05,
              7.320827035073307e-05,
              7.505464213863888e-05,
              7.32026906007377e-05,
              7.50560104734177e-05,
              7.317279687413247e-05,
              2.5082248384933337e-05,
              2.2110763893579133e-05,
              -Infinity
            ],
            "test_kl_div": [
              Infinity,
              322.7955131530762,
              322.8045539855957,
              322.8020782470703,
              322.8011054992676,
              322.7991752624512,
              322.80249214172363,
              322.79834938049316,
              322.80027961730957,
              339.66676330566406,
              339.2984085083008,
              -Infinity
            ],
            "fpr": [
              0.0,
              0.08388022343640304,
              0.08723787430176123,
              0.1059796709502152,
              0.08388022343640304,
              0.08613900674582584,
              0.08394127163395501,
              0.08388022343640304,
              0.0927322120814383,
              0.9541833277372486,
              0.9815329202405298,
              1.0
            ],
            "tpr": [
              0.0,
              0.4506172839506173,
              0.4506172839506173,
              0.4506172839506173,
              0.4506172839506173,
              0.4506172839506173,
              0.4506172839506173,
              0.4506172839506173,
              0.4506172839506173,
              0.9691358024691358,
              1.0,
              1.0
            ],
            "precision": [
              1.0,
              0.02587734845799362,
              0.02490617536676902,
              0.02059238363892807,
              0.02587734845799362,
              0.02521588946459413,
              0.02585901523202267,
              0.02587734845799362,
              0.023465123754419802,
              0.004997294458414235,
              0.005012686428615632,
              0.0
            ],
            "n_edges": [
              NaN,
              2821,
              2931,
              3545,
              2821,
              2895,
              2823,
              2821,
              3111,
              31417,
              32318,
              NaN
            ]
          }
        }
      }
    }
  }
}