{
  "reset": {
    "zero_ablation": {
      "greaterthan": {
        "greaterthan": {
          "SP": {
            "score": [
              Infinity,
              100,
              3.162,
              0.1,
              0.003,
              0,
              -Infinity
            ],
            "test_kl_div": [
              Infinity,
              139.7317123413086,
              138.71814393997192,
              182.4070401191711,
              270.36386585235596,
              292.41934299468994,
              -Infinity
            ],
            "test_greaterthan": [
              Infinity,
              0.04161071078851819,
              0.04161784495227039,
              0.003708556929268525,
              -0.00590303666505676,
              -0.00041617232459145725,
              -Infinity
            ],
            "edge_fpr": [
              0.0,
              0.0005192900998869781,
              0.00027491828817545895,
              0.010141430186028042,
              0.3857714512630968,
              0.8277789656963069,
              1.0
            ],
            "edge_tpr": [
              0.0,
              0.021505376344086023,
              0.021505376344086023,
              0.04838709677419355,
              0.41935483870967744,
              0.7795698924731183,
              1.0
            ],
            "edge_precision": [
              1.0,
              0.19047619047619047,
              0.3076923076923077,
              0.026392961876832845,
              0.006138348941528291,
              0.00532227279400969,
              0.0
            ],
            "n_edges": [
              NaN,
              21,
              13,
              341,
              12707,
              27244,
              NaN
            ],
            "node_fpr": [
              0.0,
              0.007322175732217573,
              0.0041841004184100415,
              0.060669456066945605,
              0.5345188284518828,
              0.8535564853556485,
              1.0
            ],
            "node_tpr": [
              0.0,
              0.15151515151515152,
              0.15151515151515152,
              0.19696969696969696,
              0.5606060606060606,
              0.7878787878787878,
              1.0
            ],
            "node_precision": [
              1.0,
              0.5882352941176471,
              0.7142857142857143,
              0.18309859154929578,
              0.06751824817518248,
              0.059907834101382486,
              0.0
            ],
            "n_nodes": [
              NaN,
              17,
              14,
              71,
              548,
              868,
              NaN
            ]
          }
        }
      }
    }
  }
}