{
  "reset": {
    "random_ablation": {
      "greaterthan": {
        "greaterthan": {
          "SP": {
            "score": [
              Infinity,
              100,
              3.162,
              0.1,
              0.003,
              0,
              -Infinity
            ],
            "test_kl_div": [
              Infinity,
              322.7955131530762,
              322.8020782470703,
              322.7991752624512,
              322.79834938049316,
              339.66676330566406,
              -Infinity
            ],
            "test_greaterthan": [
              Infinity,
              7.503916231144103e-05,
              7.502517541979614e-05,
              7.505464213863888e-05,
              7.50560104734177e-05,
              2.5082248384933337e-05,
              -Infinity
            ],
            "edge_fpr": [
              0.0,
              0.00027491828817545895,
              0.0005498365763509179,
              0.0006414760057427375,
              0.00027491828817545895,
              0.7287778354766777,
              1.0
            ],
            "edge_tpr": [
              0.0,
              0.021505376344086023,
              0.021505376344086023,
              0.021505376344086023,
              0.021505376344086023,
              0.6075268817204301,
              1.0
            ],
            "edge_precision": [
              1.0,
              0.3076923076923077,
              0.18181818181818182,
              0.16,
              0.3076923076923077,
              0.004714029452254808,
              0.0
            ],
            "n_edges": [
              NaN,
              13,
              22,
              25,
              13,
              23971,
              NaN
            ],
            "node_fpr": [
              0.0,
              0.0041841004184100415,
              0.010460251046025104,
              0.007322175732217573,
              0.0041841004184100415,
              0.7824267782426778,
              1.0
            ],
            "node_tpr": [
              0.0,
              0.15151515151515152,
              0.15151515151515152,
              0.15151515151515152,
              0.15151515151515152,
              0.6818181818181818,
              1.0
            ],
            "node_precision": [
              1.0,
              0.7142857142857143,
              0.5,
              0.5882352941176471,
              0.7142857142857143,
              0.05674653215636822,
              0.0
            ],
            "n_nodes": [
              NaN,
              14,
              20,
              17,
              14,
              793,
              NaN
            ]
          }
        }
      }
    }
  }
}