{
  "reset": {
    "random_ablation": {
      "greaterthan": {
        "kl_div": {
          "SP": {
            "test_kl_div": [
              Infinity,
              322.7936305999756,
              308.6048774719238,
              300.89387226104736,
              300.5179023742676,
              300.6595296859741,
              -Infinity
            ],
            "test_greaterthan": [
              Infinity,
              7.51390025470755e-05,
              0.00013091482514937525,
              0.00021261350684653735,
              0.00021493037729669595,
              0.00020936339751642663,
              -Infinity
            ],
            "score": [
              Infinity,
              31.623,
              4.217,
              0.562,
              0.075,
              0.01,
              -Infinity
            ],
            "edge_fpr": [
              0.0,
              0.00027491828817545895,
              0.12612640131960778,
              0.44454287197971715,
              0.5572899166081192,
              0.5879585789779149,
              1.0
            ],
            "edge_tpr": [
              0.0,
              0.021505376344086023,
              0.24193548387096775,
              0.7419354838709677,
              0.7526881720430108,
              0.8064516129032258,
              1.0
            ],
            "edge_precision": [
              1.0,
              0.3076923076923077,
              0.010781025395304265,
              0.009393506228303043,
              0.007615317667536988,
              0.007732755954222085,
              0.0
            ],
            "n_edges": [
              NaN,
              13,
              4174,
              14691,
              18384,
              19398,
              NaN
            ],
            "node_fpr": [
              0.0,
              0.0041841004184100415,
              0.27615062761506276,
              0.5627615062761506,
              0.6527196652719666,
              0.6642259414225942,
              1.0
            ],
            "node_tpr": [
              0.0,
              0.15151515151515152,
              0.3333333333333333,
              0.7272727272727273,
              0.7575757575757576,
              0.8181818181818182,
              1.0
            ],
            "node_precision": [
              1.0,
              0.7142857142857143,
              0.07692307692307693,
              0.08191126279863481,
              0.07418397626112759,
              0.0783744557329463,
              0.0
            ],
            "n_nodes": [
              NaN,
              14,
              286,
              586,
              674,
              689,
              NaN
            ]
          }
        }
      }
    }
  }
}