{
  "trained": {
    "zero_ablation": {
      "greaterthan": {
        "kl_div": {
          "SP": {
            "test_greaterthan": [
              Infinity,
              -12.926243171095848,
              -13.451325446367264,
              -13.118869617581367,
              -Infinity
            ],
            "test_kl_div": [
              Infinity,
              6.103314012289047,
              4.514944277703762,
              7.781105503439903,
              -Infinity
            ],
            "score": [
              Infinity,
              0.025,
              0.016,
              0.01,
              -Infinity
            ],
            "edge_fpr": [
              0.0,
              0.8306808809603812,
              0.8427467391636375,
              0.842991110975349,
              1.0
            ],
            "edge_tpr": [
              0.0,
              0.9032258064516129,
              0.956989247311828,
              0.946236559139785,
              1.0
            ],
            "edge_precision": [
              1.0,
              0.006139902053943425,
              0.006410487269060396,
              0.00633708997947647,
              0.0
            ],
            "n_edges": [
              NaN,
              27362,
              27767,
              27773,
              NaN
            ],
            "node_fpr": [
              0.0,
              0.8598326359832636,
              0.8577405857740585,
              0.8817991631799164,
              1.0
            ],
            "node_tpr": [
              0.0,
              0.9090909090909091,
              0.9696969696969697,
              0.9393939393939394,
              1.0
            ],
            "node_precision": [
              1.0,
              0.06802721088435375,
              0.07239819004524888,
              0.06850828729281767,
              0.0
            ],
            "n_nodes": [
              NaN,
              882,
              884,
              905,
              NaN
            ]
          }
        }
      }
    }
  }
}