{
  "reset": {
    "zero_ablation": {
      "greaterthan": {
        "greaterthan": {
          "SP": {
            "test_greaterthan": [
              Infinity,
              0.03987003234215081,
              0.04198373679537326,
              -0.04305844654663815,
              -0.0005837680710456539,
              -0.0004460657657006095,
              -Infinity
            ],
            "score": [
              Infinity,
              100,
              3.162,
              0.1,
              0.003,
              0,
              -Infinity
            ],
            "test_kl_div": [
              Infinity,
              138.81266593933103,
              138.3419108390808,
              180.62293481826785,
              280.1456708908081,
              294.6657419204712,
              -Infinity
            ],
            "fpr": [
              0.0,
              0.08613900674582584,
              0.08388022343640304,
              0.24953450749366626,
              0.9391959952382406,
              0.994353041726443,
              1.0
            ],
            "tpr": [
              0.0,
              0.4506172839506173,
              0.4506172839506173,
              0.5432098765432098,
              0.9567901234567902,
              1.0,
              1.0
            ],
            "precision": [
              1.0,
              0.02521588946459413,
              0.02587734845799362,
              0.010649885029650249,
              0.005012288190402277,
              0.004948378031645183,
              0.0
            ],
            "n_edges": [
              NaN,
              2895,
              2821,
              8263,
              30924,
              32738,
              NaN
            ]
          }
        }
      }
    }
  }
}