{
  "reset": {
    "zero_ablation": {
      "greaterthan": {
        "kl_div": {
          "SP": {
            "test_kl_div": [
              Infinity,
              64.41733431816101,
              65.91566276550293,
              64.50974011421204,
              67.98384213447571,
              62.796411991119385,
              -Infinity
            ],
            "score": [
              Infinity,
              31.623,
              4.217,
              0.562,
              0.075,
              0.01,
              -Infinity
            ],
            "test_greaterthan": [
              Infinity,
              -2.1225958755239844,
              -1.6515514212660491,
              -2.3528454322367907,
              -2.6074014657642692,
              -2.39866210683249,
              -Infinity
            ],
            "edge_fpr": [
              0.0,
              0.22658065305124128,
              0.5843830255594962,
              0.7739085239085239,
              0.7646753087929559,
              0.747737556561086,
              1.0
            ],
            "edge_tpr": [
              0.0,
              0.3488372093023256,
              0.786046511627907,
              0.9069767441860465,
              0.8604651162790697,
              0.8511627906976744,
              1.0
            ],
            "edge_precision": [
              1.0,
              0.010018701576275714,
              0.008764196442462272,
              0.007644660498667085,
              0.007342435307191618,
              0.007426948051948052,
              0.0
            ],
            "n_edges": [
              NaN,
              7486,
              19283,
              25508,
              25196,
              24640,
              NaN
            ],
            "node_fpr": [
              0.0,
              0.3761854583772392,
              0.6691253951527925,
              0.7997892518440464,
              0.8018967334035827,
              0.7871443624868283,
              1.0
            ],
            "node_tpr": [
              0.0,
              0.4383561643835616,
              0.8082191780821918,
              0.8904109589041096,
              0.8356164383561644,
              0.8356164383561644,
              1.0
            ],
            "node_precision": [
              1.0,
              0.08226221079691516,
              0.08501440922190202,
              0.07888349514563107,
              0.07420924574209246,
              0.07549504950495049,
              0.0
            ],
            "n_nodes": [
              NaN,
              389,
              694,
              824,
              822,
              808,
              NaN
            ]
          }
        }
      }
    }
  }
}