{
  "reset": {
    "random_ablation": {
      "greaterthan": {
        "kl_div": {
          "SP": {
            "score": [
              Infinity,
              31.623,
              4.217,
              0.562,
              0.075,
              0.01,
              -Infinity
            ],
            "test_kl_div": [
              Infinity,
              322.7936305999756,
              308.6048774719238,
              300.89387226104736,
              300.5179023742676,
              300.6595296859741,
              -Infinity
            ],
            "test_greaterthan": [
              Infinity,
              7.51390025470755e-05,
              0.00013091482514937525,
              0.00021261350684653735,
              0.00021493037729669595,
              0.00020936339751642663,
              -Infinity
            ],
            "edge_fpr": [
              0.0,
              0.0839417173229068,
              0.6135565262546965,
              0.9114763112075022,
              0.9425115312948651,
              0.951706020710511,
              1.0
            ],
            "edge_tpr": [
              0.0,
              0.3924731182795699,
              0.6075268817204301,
              0.9516129032258065,
              0.956989247311828,
              0.967741935483871,
              1.0
            ],
            "edge_precision": [
              1.0,
              0.02587734845799362,
              0.005594336353284816,
              0.005896855010660981,
              0.005735829600747591,
              0.005744191983660965,
              0.0
            ],
            "n_edges": [
              NaN,
              2821,
              20199,
              30016,
              31033,
              31336,
              NaN
            ],
            "node_fpr": [
              0.0,
              0.4309623430962343,
              0.6056485355648535,
              0.7719665271966527,
              0.8221757322175732,
              0.8284518828451883,
              1.0
            ],
            "node_tpr": [
              0.0,
              0.5151515151515151,
              0.6363636363636364,
              0.8636363636363636,
              0.8787878787878788,
              0.9090909090909091,
              1.0
            ],
            "node_precision": [
              1.0,
              0.07623318385650224,
              0.06763285024154589,
              0.07169811320754717,
              0.06872037914691943,
              0.07042253521126761,
              0.0
            ],
            "n_nodes": [
              NaN,
              446,
              621,
              795,
              844,
              852,
              NaN
            ]
          }
        }
      }
    }
  }
}