{
  "reset": {
    "zero_ablation": {
      "ioi": {
        "logit_diff": {
          "SP": {
            "score": [
              Infinity,
              100,
              3.162,
              0.1,
              0.003,
              0,
              -Infinity
            ],
            "test_nll": [
              Infinity,
              277.72078037261963,
              349.62307357788086,
              341.0998868942261,
              344.269811630249,
              344.679235458374,
              -Infinity
            ],
            "test_kl_div": [
              Infinity,
              204.72930335998535,
              278.856237411499,
              273.7962980270386,
              266.208984375,
              263.23313903808594,
              -Infinity
            ],
            "test_match_nll": [
              Infinity,
              262.5747652053833,
              352.473801612854,
              333.42534732818604,
              344.1939706802368,
              339.01355934143066,
              -Infinity
            ],
            "test_frac_correct": [
              Infinity,
              -10.47999969124794,
              -9.96999979019165,
              -10.079999715089798,
              -9.87999975681305,
              -10.2499997317791,
              -Infinity
            ],
            "test_logit_diff": [
              Infinity,
              -5.695217132568359,
              -3.732816457748413,
              -2.288724660873413,
              -1.9053462743759155,
              -3.170192174613476,
              -Infinity
            ],
            "edge_fpr": [
              0.0,
              0.00801622255315104,
              0.36608472481860527,
              0.664015715598365,
              0.6622096891733469,
              0.7096416463356674,
              1.0
            ],
            "edge_tpr": [
              0.0,
              0.07342143906020558,
              0.4280469897209985,
              0.7334801762114538,
              0.6923641703377387,
              0.8061674008810573,
              1.0
            ],
            "edge_precision": [
              1.0,
              0.28328611898017,
              0.048034934497816595,
              0.045500091091273454,
              0.04317172549558211,
              0.0467333475207491,
              0.0
            ],
            "n_edges": [
              NaN,
              353,
              12137,
              21956,
              21843,
              23495,
              NaN
            ],
            "node_fpr": [
              0.0,
              0.043583535108958835,
              0.5096852300242131,
              0.7058111380145279,
              0.715496368038741,
              0.738498789346247,
              1.0
            ],
            "node_tpr": [
              0.0,
              0.17857142857142858,
              0.5510204081632653,
              0.8367346938775511,
              0.7602040816326531,
              0.8571428571428571,
              1.0
            ],
            "node_precision": [
              1.0,
              0.49295774647887325,
              0.20415879017013233,
              0.21954484605087016,
              0.20135135135135135,
              0.2159383033419023,
              0.0
            ],
            "n_nodes": [
              NaN,
              71,
              529,
              747,
              740,
              778,
              NaN
            ]
          }
        }
      }
    }
  }
}