{
  "reset": {
    "random_ablation": {
      "ioi": {
        "kl_div": {
          "SP": {
            "test_kl_div": [
              Infinity,
              208.26551628112793,
              207.09987449645996,
              204.58759593963623,
              204.2374563217163,
              204.11851406097412,
              -Infinity
            ],
            "test_logit_diff": [
              Infinity,
              -6.3574018478393555,
              -6.244154930114746,
              -6.160984516143799,
              -6.289402961730957,
              -6.2062087059021,
              -Infinity
            ],
            "score": [
              Infinity,
              31.623,
              4.217,
              0.562,
              0.075,
              0.01,
              -Infinity
            ],
            "test_nll": [
              Infinity,
              281.11054134368896,
              279.8556900024414,
              276.2118158340454,
              275.99070930480957,
              275.8101530075073,
              -Infinity
            ],
            "test_frac_correct": [
              Infinity,
              -10.59999942779541,
              -10.679999351501465,
              -10.649999499320984,
              -10.499999582767488,
              -10.5099995136261,
              -Infinity
            ],
            "test_match_nll": [
              Infinity,
              270.81014919281006,
              269.50837993621826,
              266.22970390319824,
              265.36726570129395,
              265.4906940460205,
              -Infinity
            ],
            "edge_fpr": [
              0.0,
              0.00045329203339251314,
              0.30650096324557097,
              0.9465493143957995,
              0.9738979337438145,
              0.9852302345786272,
              1.0
            ],
            "edge_tpr": [
              0.0,
              0.43550387596899226,
              0.6148837209302326,
              0.9319379844961241,
              0.9632558139534884,
              0.9637209302325581,
              1.0
            ],
            "edge_precision": [
              1.0,
              0.9957461892945764,
              0.32831125827814567,
              0.19347259326016286,
              0.1941865916549461,
              0.19245773732119636,
              0.0
            ],
            "n_edges": [
              NaN,
              2821,
              12080,
              31069,
              31995,
              32298,
              NaN
            ],
            "node_fpr": [
              0.0,
              0.0,
              0.3220338983050847,
              0.9322033898305084,
              0.9576271186440678,
              0.9745762711864406,
              1.0
            ],
            "node_tpr": [
              0.0,
              0.49336283185840707,
              0.5542035398230089,
              0.7997787610619469,
              0.8362831858407079,
              0.8396017699115044,
              1.0
            ],
            "node_precision": [
              1.0,
              1.0,
              0.9294990723562152,
              0.8679471788715486,
              0.8699654775604143,
              0.868421052631579,
              0.0
            ],
            "n_nodes": [
              NaN,
              446,
              539,
              833,
              869,
              874,
              NaN
            ]
          }
        }
      }
    }
  }
}