{
  "reset": {
    "zero_ablation": {
      "ioi": {
        "kl_div": {
          "SP": {
            "test_frac_correct": [
              Infinity,
              -10.459999740123749,
              -10.649999618530272,
              -10.159999787807465,
              -10.449999749660492,
              -10.689999729394913,
              -Infinity
            ],
            "test_logit_diff": [
              Infinity,
              -3.2508273124694824,
              -2.794529914855957,
              -2.087106227874756,
              -1.43416166305542,
              -2.8252573013305664,
              -Infinity
            ],
            "test_kl_div": [
              Infinity,
              109.65687799453735,
              110.13077116012572,
              113.2920699119568,
              114.71390438079834,
              113.49590015411376,
              -Infinity
            ],
            "test_match_nll": [
              Infinity,
              140.04255437850952,
              145.1340708732605,
              141.22508239746094,
              140.47235345840454,
              143.95254564285278,
              -Infinity
            ],
            "test_nll": [
              Infinity,
              149.28866910934448,
              150.86176443099976,
              159.395827293396,
              156.6975908279419,
              152.7787094116211,
              -Infinity
            ],
            "score": [
              Infinity,
              31.623,
              4.217,
              0.562,
              0.075,
              0.01,
              -Infinity
            ],
            "fpr": [
              0.0,
              0.6176481698334152,
              0.9228270313149246,
              0.9658520001510973,
              0.9750689381634118,
              0.9579571639028444,
              1.0
            ],
            "tpr": [
              0.0,
              0.6810852713178295,
              0.8693023255813953,
              0.9567441860465117,
              0.951937984496124,
              0.9547286821705426,
              1.0
            ],
            "precision": [
              1.0,
              0.21177207867335132,
              0.18666977394546724,
              0.1944234404536862,
              0.19215723093293274,
              0.19538041753918395,
              0.0
            ],
            "n_edges": [
              NaN,
              20744,
              30037,
              31740,
              31953,
              31518,
              NaN
            ]
          }
        }
      }
    }
  }
}