{
  "reset": {
    "random_ablation": {
      "ioi": {
        "logit_diff": {
          "SP": {
            "score": [
              Infinity,
              100,
              3.162,
              0.1,
              0.003,
              0,
              -Infinity
            ],
            "test_kl_div": [
              Infinity,
              208.26479816436768,
              207.6342191696167,
              206.9849967956543,
              206.7242317199707,
              206.68723392486572,
              -Infinity
            ],
            "test_match_nll": [
              Infinity,
              270.81267070770264,
              270.4825220108032,
              269.7284126281738,
              269.53488636016846,
              269.4946041107178,
              -Infinity
            ],
            "test_frac_correct": [
              Infinity,
              -10.59999942779541,
              -11.229999899864197,
              -10.889999628067017,
              -10.899999737739565,
              -10.93999981880188,
              -Infinity
            ],
            "test_logit_diff": [
              Infinity,
              -6.356537818908691,
              -7.180830478668213,
              -7.673449516296387,
              -7.91516637802124,
              -7.962074279785156,
              -Infinity
            ],
            "test_nll": [
              Infinity,
              281.10966777801514,
              280.89519214630127,
              279.7926254272461,
              279.9147062301636,
              279.9098310470581,
              -Infinity
            ],
            "edge_fpr": [
              0.0,
              0.0003485314153543931,
              0.1855137669909065,
              0.5899686321726181,
              0.6488704413675105,
              0.6223186844523304,
              1.0
            ],
            "edge_tpr": [
              0.0,
              0.009544787077826725,
              0.31130690161527164,
              0.73568281938326,
              0.7349486049926579,
              0.7474302496328928,
              1.0
            ],
            "edge_precision": [
              1.0,
              0.5416666666666666,
              0.0675266762223284,
              0.05106513097543573,
              0.04660148975791434,
              0.04927634445036062,
              0.0
            ],
            "n_edges": [
              NaN,
              24,
              6279,
              19622,
              21480,
              20659,
              NaN
            ],
            "node_fpr": [
              0.0,
              0.0036319612590799033,
              0.33171912832929784,
              0.6428571428571429,
              0.6912832929782082,
              0.6779661016949152,
              1.0
            ],
            "node_tpr": [
              0.0,
              0.07142857142857142,
              0.4336734693877551,
              0.7448979591836735,
              0.7551020408163265,
              0.7755102040816326,
              1.0
            ],
            "node_precision": [
              1.0,
              0.8235294117647058,
              0.23676880222841226,
              0.21565731166912852,
              0.20584144645340752,
              0.21348314606741572,
              0.0
            ],
            "n_nodes": [
              NaN,
              17,
              359,
              677,
              719,
              712,
              NaN
            ]
          }
        }
      }
    }
  }
}