{
  "trained": {
    "zero_ablation": {
      "tracr-proportion": {
        "kl_div": {
          "SP": {
            "test_l2": [
              Infinity,
              3.0925923585891724,
              3.911111056804657,
              3.203703463077545,
              2.8717337921261787,
              0.3262822642618909,
              0.09581526642347088,
              0.2753443033807241,
              0.17532003340218175,
              0.27039741563810604,
              0.14746759245804783,
              0.35341496719244414,
              -Infinity
            ],
            "test_kl_div": [
              Infinity,
              0.24960976094007492,
              0.3224610909819603,
              0.2632398158311844,
              0.2367848958820105,
              0.02867842325102785,
              0.007781520084813254,
              0.023394259910399895,
              0.015320442305818685,
              0.0236612323151712,
              0.013171027217083991,
              0.02979990841250227,
              -Infinity
            ],
            "score": [
              Infinity,
              1,
              0.501,
              0.251,
              0.126,
              0.063,
              0.032,
              0.016,
              0.008,
              0.004,
              0.002,
              0.001,
              -Infinity
            ],
            "fpr": [
              0.0,
              0.5,
              0.5,
              0.5,
              0.5,
              0.5357142857142857,
              0.5357142857142857,
              0.5357142857142857,
              0.5357142857142857,
              0.5357142857142857,
              0.5357142857142857,
              0.5357142857142857,
              1.0
            ],
            "tpr": [
              0.0,
              0.5,
              0.5,
              0.5,
              0.7,
              1.0,
              1.0,
              1.0,
              1.0,
              1.0,
              1.0,
              1.0,
              1.0
            ],
            "precision": [
              1.0,
              0.2631578947368421,
              0.2631578947368421,
              0.2631578947368421,
              0.3333333333333333,
              0.4,
              0.4,
              0.4,
              0.4,
              0.4,
              0.4,
              0.4,
              0.0
            ],
            "n_edges": [
              NaN,
              19,
              19,
              19,
              21,
              25,
              25,
              25,
              25,
              25,
              25,
              25,
              NaN
            ]
          }
        }
      }
    }
  }
}