{
  "reset": {
    "random_ablation": {
      "tracr-reverse": {
        "l2": {
          "SP": {
            "test_l2": [
              Infinity,
              6.666659116744995,
              6.666659116744995,
              6.666659116744995,
              6.666659116744995,
              6.666659116744995,
              6.666659116744995,
              6.666659116744995,
              6.666659116744995,
              6.666659116744995,
              6.666659116744995,
              6.666659116744995,
              -Infinity
            ],
            "test_kl_div": [
              Infinity,
              1.8492655456066132,
              1.8492655456066132,
              1.8492655456066132,
              1.8492655456066132,
              1.8492655456066132,
              1.8492655456066132,
              1.8492655456066132,
              1.8492655456066132,
              1.8492655456066132,
              1.8492655456066132,
              1.8492655456066132,
              -Infinity
            ],
            "score": [
              Infinity,
              1,
              0.501,
              0.251,
              0.126,
              0.063,
              0.032,
              0.016,
              0.008,
              0.004,
              0.002,
              0.001,
              -Infinity
            ],
            "edge_fpr": [
              0.0,
              0.06593406593406594,
              0.06593406593406594,
              0.06593406593406594,
              0.06593406593406594,
              0.06593406593406594,
              0.06593406593406594,
              0.06593406593406594,
              0.06593406593406594,
              0.06593406593406594,
              0.06593406593406594,
              0.06593406593406594,
              1.0
            ],
            "edge_tpr": [
              0.0,
              0.0,
              0.0,
              0.0,
              0.0,
              0.0,
              0.0,
              0.0,
              0.0,
              0.0,
              0.0,
              0.0,
              1.0
            ],
            "edge_precision": [
              1.0,
              0.0,
              0.0,
              0.0,
              0.0,
              0.0,
              0.0,
              0.0,
              0.0,
              0.0,
              0.0,
              0.0,
              0.0
            ],
            "n_edges": [
              NaN,
              6,
              6,
              6,
              6,
              6,
              6,
              6,
              6,
              6,
              6,
              6,
              NaN
            ],
            "node_fpr": [
              0.0,
              0.05263157894736842,
              0.05263157894736842,
              0.05263157894736842,
              0.05263157894736842,
              0.05263157894736842,
              0.05263157894736842,
              0.05263157894736842,
              0.05263157894736842,
              0.05263157894736842,
              0.05263157894736842,
              0.05263157894736842,
              1.0
            ],
            "node_tpr": [
              0.0,
              0.375,
              0.375,
              0.375,
              0.375,
              0.375,
              0.375,
              0.375,
              0.375,
              0.375,
              0.375,
              0.375,
              1.0
            ],
            "node_precision": [
              1.0,
              0.8571428571428571,
              0.8571428571428571,
              0.8571428571428571,
              0.8571428571428571,
              0.8571428571428571,
              0.8571428571428571,
              0.8571428571428571,
              0.8571428571428571,
              0.8571428571428571,
              0.8571428571428571,
              0.8571428571428571,
              0.0
            ],
            "n_nodes": [
              NaN,
              7,
              7,
              7,
              7,
              7,
              7,
              7,
              7,
              7,
              7,
              7,
              NaN
            ]
          }
        }
      }
    }
  }
}