{
  "trained": {
    "zero_ablation": {
      "tracr-proportion": {
        "l2": {
          "SP": {
            "test_kl_div": [
              Infinity,
              0.06382549002666904,
              0.008311088374934772,
              0.006715639205100987,
              0.0013828018109892093,
              0.0006200002869810595,
              0.003816373714130794,
              0.0019055915847241425,
              0.01192183484794597,
              8.841546435697789e-06,
              0.001644977280775256,
              0.004530915510129435,
              -Infinity
            ],
            "score": [
              Infinity,
              1,
              0.501,
              0.251,
              0.126,
              0.063,
              0.032,
              0.016,
              0.008,
              0.004,
              0.002,
              0.001,
              -Infinity
            ],
            "test_l2": [
              Infinity,
              0.7406744694420259,
              0.09658355897992096,
              0.08003478290756842,
              0.014557681844045867,
              0.0066863998925738985,
              0.04479450122041691,
              0.019567697551358773,
              0.14043586600448127,
              8.664188143338178e-05,
              0.018136826229498183,
              0.05001754989936458,
              -Infinity
            ],
            "edge_fpr": [
              0.0,
              0.5,
              0.5357142857142857,
              0.5357142857142857,
              0.5357142857142857,
              0.5357142857142857,
              0.5357142857142857,
              0.5357142857142857,
              0.5357142857142857,
              0.5,
              0.5357142857142857,
              0.5,
              1.0
            ],
            "edge_tpr": [
              0.0,
              0.9,
              1.0,
              1.0,
              1.0,
              1.0,
              1.0,
              1.0,
              1.0,
              0.9,
              0.9,
              0.9,
              1.0
            ],
            "edge_precision": [
              1.0,
              0.391304347826087,
              0.4,
              0.4,
              0.4,
              0.4,
              0.4,
              0.4,
              0.4,
              0.391304347826087,
              0.375,
              0.391304347826087,
              0.0
            ],
            "node_fpr": [
              0.0,
              0.5,
              0.5,
              0.5,
              0.5,
              0.5,
              0.5,
              0.5,
              0.5,
              0.5,
              0.5,
              0.5,
              1.0
            ],
            "node_tpr": [
              0.0,
              1.0,
              1.0,
              1.0,
              1.0,
              1.0,
              1.0,
              1.0,
              1.0,
              1.0,
              0.9090909090909091,
              1.0,
              1.0
            ],
            "node_precision": [
              1.0,
              0.7333333333333333,
              0.7333333333333333,
              0.7333333333333333,
              0.7333333333333333,
              0.7333333333333333,
              0.7333333333333333,
              0.7333333333333333,
              0.7333333333333333,
              0.7333333333333333,
              0.7142857142857143,
              0.7333333333333333,
              0.0
            ],
            "n_edges": [
              NaN,
              23,
              25,
              25,
              25,
              25,
              25,
              25,
              25,
              23,
              24,
              23,
              NaN
            ]
          }
        }
      }
    }
  }
}