{
  "trained": {
    "zero_ablation": {
      "tracr-reverse": {
        "l2": {
          "SP": {
            "score": [
              Infinity,
              1,
              1,
              0.501,
              0.501,
              0.251,
              0.251,
              0.126,
              0.126,
              0.063,
              0.063,
              0.032,
              0.032,
              0.016,
              0.008,
              0.008,
              0.004,
              0.004,
              0.002,
              0.002,
              0.001,
              0.001,
              -Infinity
            ],
            "test_kl_div": [
              Infinity,
              2.941185132889209,
              2.941185132889209,
              2.6673733044496974,
              2.6673733044496974,
              3.1607420933867543,
              3.1607420933867543,
              3.4639789627189272,
              3.4639789627189272,
              3.065582001041278,
              3.065582001041278,
              2.392722767824708,
              2.392722767824708,
              3.232001867325221,
              4.864499686284034,
              4.864499686284034,
              3.681363556857257,
              3.681363556857257,
              2.5059246158894224,
              2.5059246158894224,
              4.694652948684492,
              4.694652948684492,
              -Infinity
            ],
            "edge_fpr": [
              0.0,
              0.6593406593406593,
              0.6593406593406593,
              0.6593406593406593,
              0.6593406593406593,
              0.6593406593406593,
              0.6593406593406593,
              0.6153846153846154,
              0.6153846153846154,
              0.6593406593406593,
              0.6593406593406593,
              0.6593406593406593,
              0.6593406593406593,
              0.6593406593406593,
              0.6153846153846154,
              0.6153846153846154,
              0.6483516483516484,
              0.6483516483516484,
              0.6593406593406593,
              0.6593406593406593,
              0.6593406593406593,
              0.6593406593406593,
              1.0
            ],
            "edge_tpr": [
              0.0,
              0.8666666666666667,
              0.8666666666666667,
              0.9333333333333333,
              0.9333333333333333,
              1.0,
              1.0,
              0.8666666666666667,
              0.8666666666666667,
              1.0,
              1.0,
              1.0,
              1.0,
              1.0,
              0.8666666666666667,
              0.8666666666666667,
              0.8,
              0.8,
              1.0,
              1.0,
              1.0,
              1.0,
              1.0
            ],
            "edge_precision": [
              1.0,
              0.1780821917808219,
              0.1780821917808219,
              0.1891891891891892,
              0.1891891891891892,
              0.2,
              0.2,
              0.18840579710144928,
              0.18840579710144928,
              0.2,
              0.2,
              0.2,
              0.2,
              0.2,
              0.18840579710144928,
              0.18840579710144928,
              0.16901408450704225,
              0.16901408450704225,
              0.2,
              0.2,
              0.2,
              0.2,
              0.0
            ],
            "n_edges": [
              NaN,
              73,
              73,
              74,
              74,
              75,
              75,
              69,
              69,
              75,
              75,
              75,
              75,
              75,
              69,
              69,
              71,
              71,
              75,
              75,
              75,
              75,
              NaN
            ],
            "node_fpr": [
              0.0,
              0.47368421052631576,
              0.47368421052631576,
              0.47368421052631576,
              0.47368421052631576,
              0.47368421052631576,
              0.47368421052631576,
              0.47368421052631576,
              0.47368421052631576,
              0.47368421052631576,
              0.47368421052631576,
              0.47368421052631576,
              0.47368421052631576,
              0.47368421052631576,
              0.47368421052631576,
              0.47368421052631576,
              0.47368421052631576,
              0.47368421052631576,
              0.47368421052631576,
              0.47368421052631576,
              0.47368421052631576,
              0.47368421052631576,
              1.0
            ],
            "node_tpr": [
              0.0,
              0.875,
              0.875,
              0.9375,
              0.9375,
              1.0,
              1.0,
              0.9375,
              0.9375,
              1.0,
              1.0,
              1.0,
              1.0,
              1.0,
              0.9375,
              0.9375,
              1.0,
              1.0,
              1.0,
              1.0,
              1.0,
              1.0,
              1.0
            ],
            "node_precision": [
              1.0,
              0.6086956521739131,
              0.6086956521739131,
              0.625,
              0.625,
              0.64,
              0.64,
              0.625,
              0.625,
              0.64,
              0.64,
              0.64,
              0.64,
              0.64,
              0.625,
              0.625,
              0.64,
              0.64,
              0.64,
              0.64,
              0.64,
              0.64,
              0.0
            ],
            "n_nodes": [
              NaN,
              23,
              23,
              24,
              24,
              25,
              25,
              24,
              24,
              25,
              25,
              25,
              25,
              25,
              24,
              24,
              25,
              25,
              25,
              25,
              25,
              25,
              NaN
            ]
          }
        }
      }
    }
  }
}