{
  "trained": {
    "random_ablation": {
      "tracr-reverse": {
        "l2": {
          "SP": {
            "test_kl_div": [
              Infinity,
              0.00013661097909789532,
              0.00013661097909789532,
              0,
              0,
              0.00016350379155483097,
              0.00016350379155483097,
              8.186599734472111e-05,
              8.186599734472111e-05,
              3.744034984265454e-05,
              3.744034984265454e-05,
              0.3049464076757431,
              0.3049464076757431,
              0.05225659589632414,
              0.05225659589632414,
              0.0024987892247736454,
              0.0024987892247736454,
              0.18527528643608093,
              0.18527528643608093,
              0.28301856108009815,
              0.28301856108009815,
              0.02041876537259668,
              0.02041876537259668,
              -Infinity
            ],
            "score": [
              Infinity,
              1,
              1,
              0.501,
              0.501,
              0.251,
              0.251,
              0.126,
              0.126,
              0.063,
              0.063,
              0.032,
              0.032,
              0.016,
              0.016,
              0.008,
              0.008,
              0.004,
              0.004,
              0.002,
              0.002,
              0.001,
              0.001,
              -Infinity
            ],
            "edge_fpr": [
              0.0,
              0.4835164835164835,
              0.4835164835164835,
              0.4835164835164835,
              0.4835164835164835,
              0.4835164835164835,
              0.4835164835164835,
              0.4835164835164835,
              0.4835164835164835,
              0.4835164835164835,
              0.4835164835164835,
              0.4835164835164835,
              0.4835164835164835,
              0.4835164835164835,
              0.4835164835164835,
              0.4835164835164835,
              0.4835164835164835,
              0.4835164835164835,
              0.4835164835164835,
              0.4835164835164835,
              0.4835164835164835,
              0.4835164835164835,
              0.4835164835164835,
              1.0
            ],
            "edge_tpr": [
              0.0,
              0.4,
              0.4,
              0.4,
              0.4,
              0.4,
              0.4,
              0.4,
              0.4,
              0.4,
              0.4,
              0.4,
              0.4,
              0.4,
              0.4,
              0.4,
              0.4,
              0.4,
              0.4,
              0.4,
              0.4,
              0.4,
              0.4,
              1.0
            ],
            "edge_precision": [
              1.0,
              0.12,
              0.12,
              0.12,
              0.12,
              0.12,
              0.12,
              0.12,
              0.12,
              0.12,
              0.12,
              0.12,
              0.12,
              0.12,
              0.12,
              0.12,
              0.12,
              0.12,
              0.12,
              0.12,
              0.12,
              0.12,
              0.12,
              0.0
            ],
            "n_edges": [
              NaN,
              50,
              50,
              50,
              50,
              50,
              50,
              50,
              50,
              50,
              50,
              50,
              50,
              50,
              50,
              50,
              50,
              50,
              50,
              50,
              50,
              50,
              50,
              NaN
            ],
            "node_fpr": [
              0.0,
              0.47368421052631576,
              0.47368421052631576,
              0.47368421052631576,
              0.47368421052631576,
              0.47368421052631576,
              0.47368421052631576,
              0.47368421052631576,
              0.47368421052631576,
              0.47368421052631576,
              0.47368421052631576,
              0.47368421052631576,
              0.47368421052631576,
              0.47368421052631576,
              0.47368421052631576,
              0.47368421052631576,
              0.47368421052631576,
              0.47368421052631576,
              0.47368421052631576,
              0.47368421052631576,
              0.47368421052631576,
              0.47368421052631576,
              0.47368421052631576,
              1.0
            ],
            "node_tpr": [
              0.0,
              0.75,
              0.75,
              0.75,
              0.75,
              0.75,
              0.75,
              0.75,
              0.75,
              0.75,
              0.75,
              0.75,
              0.75,
              0.75,
              0.75,
              0.75,
              0.75,
              0.75,
              0.75,
              0.75,
              0.75,
              0.75,
              0.75,
              1.0
            ],
            "node_precision": [
              1.0,
              0.5714285714285714,
              0.5714285714285714,
              0.5714285714285714,
              0.5714285714285714,
              0.5714285714285714,
              0.5714285714285714,
              0.5714285714285714,
              0.5714285714285714,
              0.5714285714285714,
              0.5714285714285714,
              0.5714285714285714,
              0.5714285714285714,
              0.5714285714285714,
              0.5714285714285714,
              0.5714285714285714,
              0.5714285714285714,
              0.5714285714285714,
              0.5714285714285714,
              0.5714285714285714,
              0.5714285714285714,
              0.5714285714285714,
              0.5714285714285714,
              0.0
            ],
            "n_nodes": [
              NaN,
              21,
              21,
              21,
              21,
              21,
              21,
              21,
              21,
              21,
              21,
              21,
              21,
              21,
              21,
              21,
              21,
              21,
              21,
              21,
              21,
              21,
              21,
              NaN
            ]
          }
        }
      }
    }
  }
}