{
  "reset": {
    "zero_ablation": {
      "tracr-reverse": {
        "l2": {
          "SP": {
            "score": [
              Infinity,
              1,
              0.501,
              0.501,
              0.251,
              0.251,
              0.126,
              0.126,
              0.063,
              0.063,
              0.032,
              0.032,
              0.016,
              0.016,
              0.008,
              0.008,
              0.004,
              0.004,
              0.002,
              0.002,
              0.001,
              0.001,
              -Infinity
            ],
            "test_kl_div": [
              Infinity,
              6.666659116744995,
              6.666659116744995,
              6.666659116744995,
              6.666659116744995,
              6.666659116744995,
              6.666659116744995,
              6.666659116744995,
              6.666659116744995,
              6.666659116744995,
              6.666659116744995,
              6.666659116744995,
              6.666659116744995,
              6.666659116744995,
              6.666659116744995,
              6.666659116744995,
              6.666659116744995,
              6.666659116744995,
              6.666659116744995,
              6.666659116744995,
              6.666659116744995,
              6.666659116744995,
              -Infinity
            ],
            "edge_fpr": [
              0.0,
              0.4835164835164835,
              0.4835164835164835,
              0.4835164835164835,
              0.4835164835164835,
              0.4835164835164835,
              0.4835164835164835,
              0.4835164835164835,
              0.4835164835164835,
              0.4835164835164835,
              0.4835164835164835,
              0.4835164835164835,
              0.4835164835164835,
              0.4835164835164835,
              0.4835164835164835,
              0.4835164835164835,
              0.4835164835164835,
              0.4835164835164835,
              0.4835164835164835,
              0.4835164835164835,
              0.4835164835164835,
              0.4835164835164835,
              1.0
            ],
            "edge_tpr": [
              0.0,
              0.26666666666666666,
              0.26666666666666666,
              0.26666666666666666,
              0.26666666666666666,
              0.26666666666666666,
              0.26666666666666666,
              0.26666666666666666,
              0.26666666666666666,
              0.26666666666666666,
              0.26666666666666666,
              0.26666666666666666,
              0.26666666666666666,
              0.26666666666666666,
              0.26666666666666666,
              0.26666666666666666,
              0.26666666666666666,
              0.26666666666666666,
              0.26666666666666666,
              0.26666666666666666,
              0.26666666666666666,
              0.26666666666666666,
              1.0
            ],
            "edge_precision": [
              1.0,
              0.08333333333333333,
              0.08333333333333333,
              0.08333333333333333,
              0.08333333333333333,
              0.08333333333333333,
              0.08333333333333333,
              0.08333333333333333,
              0.08333333333333333,
              0.08333333333333333,
              0.08333333333333333,
              0.08333333333333333,
              0.08333333333333333,
              0.08333333333333333,
              0.08333333333333333,
              0.08333333333333333,
              0.08333333333333333,
              0.08333333333333333,
              0.08333333333333333,
              0.08333333333333333,
              0.08333333333333333,
              0.08333333333333333,
              0.0
            ],
            "n_edges": [
              NaN,
              48,
              48,
              48,
              48,
              48,
              48,
              48,
              48,
              48,
              48,
              48,
              48,
              48,
              48,
              48,
              48,
              48,
              48,
              48,
              48,
              48,
              NaN
            ],
            "node_fpr": [
              0.0,
              0.47368421052631576,
              0.47368421052631576,
              0.47368421052631576,
              0.47368421052631576,
              0.47368421052631576,
              0.47368421052631576,
              0.47368421052631576,
              0.47368421052631576,
              0.47368421052631576,
              0.47368421052631576,
              0.47368421052631576,
              0.47368421052631576,
              0.47368421052631576,
              0.47368421052631576,
              0.47368421052631576,
              0.47368421052631576,
              0.47368421052631576,
              0.47368421052631576,
              0.47368421052631576,
              0.47368421052631576,
              0.47368421052631576,
              1.0
            ],
            "node_tpr": [
              0.0,
              0.625,
              0.625,
              0.625,
              0.625,
              0.625,
              0.625,
              0.625,
              0.625,
              0.625,
              0.625,
              0.625,
              0.625,
              0.625,
              0.625,
              0.625,
              0.625,
              0.625,
              0.625,
              0.625,
              0.625,
              0.625,
              1.0
            ],
            "node_precision": [
              1.0,
              0.5263157894736842,
              0.5263157894736842,
              0.5263157894736842,
              0.5263157894736842,
              0.5263157894736842,
              0.5263157894736842,
              0.5263157894736842,
              0.5263157894736842,
              0.5263157894736842,
              0.5263157894736842,
              0.5263157894736842,
              0.5263157894736842,
              0.5263157894736842,
              0.5263157894736842,
              0.5263157894736842,
              0.5263157894736842,
              0.5263157894736842,
              0.5263157894736842,
              0.5263157894736842,
              0.5263157894736842,
              0.5263157894736842,
              0.0
            ],
            "n_nodes": [
              NaN,
              19,
              19,
              19,
              19,
              19,
              19,
              19,
              19,
              19,
              19,
              19,
              19,
              19,
              19,
              19,
              19,
              19,
              19,
              19,
              19,
              19,
              NaN
            ]
          }
        }
      }
    }
  }
}