{
  "trained": {
    "random_ablation": {
      "tracr-proportion": {
        "l2": {
          "SP": {
            "test_kl_div": [
              Infinity,
              0.011585303373408353,
              0.016370961515349336,
              0.02075776851233968,
              0.0066685063414979595,
              0.012906424213724677,
              0.023198063609015666,
              0.0012782472212506946,
              0.010105263616424054,
              0.007713222817983478,
              0.01748400755059265,
              0.025794251792831343,
              -Infinity
            ],
            "score": [
              Infinity,
              1,
              0.501,
              0.251,
              0.126,
              0.063,
              0.032,
              0.016,
              0.008,
              0.004,
              0.002,
              0.001,
              -Infinity
            ],
            "test_l2": [
              Infinity,
              0.11878692090431286,
              0.15665362449362874,
              0.23864642607077255,
              0.06392331291863229,
              0.1332913470105268,
              0.2071117933955975,
              0.01369289997364831,
              0.12107548490166664,
              0.0827713143080473,
              0.14945027709472924,
              0.29264655651059,
              -Infinity
            ],
            "edge_fpr": [
              0.0,
              0.5357142857142857,
              0.5357142857142857,
              0.5357142857142857,
              0.5357142857142857,
              0.5357142857142857,
              0.5357142857142857,
              0.5357142857142857,
              0.5357142857142857,
              0.5357142857142857,
              0.5357142857142857,
              0.5357142857142857,
              1.0
            ],
            "edge_tpr": [
              0.0,
              0.9,
              0.9,
              0.9,
              0.9,
              0.9,
              0.9,
              0.9,
              0.9,
              0.9,
              0.9,
              0.9,
              1.0
            ],
            "edge_precision": [
              1.0,
              0.375,
              0.375,
              0.375,
              0.375,
              0.375,
              0.375,
              0.375,
              0.375,
              0.375,
              0.375,
              0.375,
              0.0
            ],
            "n_edges": [
              NaN,
              24,
              24,
              24,
              24,
              24,
              24,
              24,
              24,
              24,
              24,
              24,
              NaN
            ],
            "node_fpr": [
              0.0,
              0.5,
              0.5,
              0.5,
              0.5,
              0.5,
              0.5,
              0.5,
              0.5,
              0.5,
              0.5,
              0.5,
              1.0
            ],
            "node_tpr": [
              0.0,
              0.9090909090909091,
              0.9090909090909091,
              0.9090909090909091,
              0.9090909090909091,
              0.9090909090909091,
              0.9090909090909091,
              0.9090909090909091,
              0.9090909090909091,
              0.9090909090909091,
              0.9090909090909091,
              0.9090909090909091,
              1.0
            ],
            "node_precision": [
              1.0,
              0.7142857142857143,
              0.7142857142857143,
              0.7142857142857143,
              0.7142857142857143,
              0.7142857142857143,
              0.7142857142857143,
              0.7142857142857143,
              0.7142857142857143,
              0.7142857142857143,
              0.7142857142857143,
              0.7142857142857143,
              0.0
            ],
            "n_nodes": [
              NaN,
              14,
              14,
              14,
              14,
              14,
              14,
              14,
              14,
              14,
              14,
              14,
              NaN
            ]
          }
        }
      }
    }
  }
}