{
  "trained": {
    "random_ablation": {
      "tracr-proportion": {
        "kl_div": {
          "SP": {
            "test_kl_div": [
              Infinity,
              0.34806206822395325,
              0.25061503052711487,
              0.22079869965091348,
              0.04014581532101147,
              0.007148112882447322,
              0.010027085257206636,
              0.01599785276903276,
              0.011482830523164012,
              0.022306429330626543,
              0.006890707460115664,
              0.008191837196818597,
              -Infinity
            ],
            "test_l2": [
              Infinity,
              4.533333778381348,
              3.24444442987442,
              2.8772688060998917,
              0.40984433225821704,
              0.05620108330037965,
              0.11223996574699412,
              0.14402931094082305,
              0.12007907836232334,
              0.24020229936877513,
              0.05089399788994342,
              0.07413437269042333,
              -Infinity
            ],
            "score": [
              Infinity,
              1,
              0.501,
              0.251,
              0.126,
              0.063,
              0.032,
              0.016,
              0.008,
              0.004,
              0.002,
              0.001,
              -Infinity
            ],
            "fpr": [
              0.0,
              0.5,
              0.5,
              0.5,
              0.5357142857142857,
              0.5357142857142857,
              0.5357142857142857,
              0.5357142857142857,
              0.5357142857142857,
              0.5357142857142857,
              0.5357142857142857,
              0.5357142857142857,
              1.0
            ],
            "tpr": [
              0.0,
              0.5,
              0.5,
              0.5,
              0.8,
              0.9,
              0.9,
              0.8,
              0.9,
              0.9,
              0.9,
              0.9,
              1.0
            ],
            "precision": [
              1.0,
              0.2631578947368421,
              0.2631578947368421,
              0.2631578947368421,
              0.34782608695652173,
              0.375,
              0.375,
              0.34782608695652173,
              0.375,
              0.375,
              0.375,
              0.375,
              0.0
            ]
          }
        }
      }
    }
  }
}