{
  "trained": {
    "random_ablation": {
      "tracr-reverse": {
        "l2": {
          "SP": {
            "test_kl_div": [
              Infinity,
              5.0600636313902214e-05,
              0,
              6.05479181103874e-05,
              3.0261784559115767e-05,
              1.3856770237907767e-05,
              0.12251393124461174,
              0.020364726311527193,
              0.0009340325486846268,
              0.07436469942331314,
              0.11326805641874672,
              0.007805607761838473,
              -Infinity
            ],
            "score": [
              Infinity,
              1,
              0.501,
              0.251,
              0.126,
              0.063,
              0.032,
              0.016,
              0.008,
              0.004,
              0.002,
              0.001,
              -Infinity
            ],
            "test_l2": [
              Infinity,
              0.00013661097909789532,
              0,
              0.00016350379155483097,
              8.186599734472111e-05,
              3.744034984265454e-05,
              0.3049464076757431,
              0.05225659589632414,
              0.0024987892247736454,
              0.18527528643608093,
              0.28301856108009815,
              0.02041876537259668,
              -Infinity
            ],
            "edge_fpr": [
              0.0,
              0.4835164835164835,
              0.4835164835164835,
              0.4835164835164835,
              0.4835164835164835,
              0.4835164835164835,
              0.4835164835164835,
              0.4835164835164835,
              0.4835164835164835,
              0.4835164835164835,
              0.4835164835164835,
              0.4835164835164835,
              1.0
            ],
            "edge_tpr": [
              0.0,
              0.4,
              0.4,
              0.4,
              0.4,
              0.4,
              0.4,
              0.4,
              0.4,
              0.4,
              0.4,
              0.4,
              1.0
            ],
            "edge_precision": [
              1.0,
              0.12,
              0.12,
              0.12,
              0.12,
              0.12,
              0.12,
              0.12,
              0.12,
              0.12,
              0.12,
              0.12,
              0.0
            ],
            "n_edges": [
              NaN,
              50,
              50,
              50,
              50,
              50,
              50,
              50,
              50,
              50,
              50,
              50,
              NaN
            ],
            "node_fpr": [
              0.0,
              0.47368421052631576,
              0.47368421052631576,
              0.47368421052631576,
              0.47368421052631576,
              0.47368421052631576,
              0.47368421052631576,
              0.47368421052631576,
              0.47368421052631576,
              0.47368421052631576,
              0.47368421052631576,
              0.47368421052631576,
              1.0
            ],
            "node_tpr": [
              0.0,
              0.75,
              0.75,
              0.75,
              0.75,
              0.75,
              0.75,
              0.75,
              0.75,
              0.75,
              0.75,
              0.75,
              1.0
            ],
            "node_precision": [
              1.0,
              0.5714285714285714,
              0.5714285714285714,
              0.5714285714285714,
              0.5714285714285714,
              0.5714285714285714,
              0.5714285714285714,
              0.5714285714285714,
              0.5714285714285714,
              0.5714285714285714,
              0.5714285714285714,
              0.5714285714285714,
              0.0
            ],
            "n_nodes": [
              NaN,
              21,
              21,
              21,
              21,
              21,
              21,
              21,
              21,
              21,
              21,
              21,
              NaN
            ]
          }
        }
      }
    }
  }
}