{
  "trained": {
    "zero_ablation": {
      "tracr-reverse": {
        "kl_div": {
          "SP": {
            "test_kl_div": [
              Infinity,
              1.6001491649076345,
              1.427625186339796,
              1.2276860473977074,
              0.6640840847025729,
              0.8526264458433452,
              1.4404808364232622,
              0.9226236573848324,
              1.888325992573975,
              1.401844410542708,
              0.6285308516596473,
              0.8615513478544017,
              -Infinity
            ],
            "score": [
              Infinity,
              1,
              0.501,
              0.251,
              0.126,
              0.063,
              0.032,
              0.016,
              0.008,
              0.004,
              0.002,
              0.001,
              -Infinity
            ],
            "fpr": [
              0.0,
              0.6153846153846154,
              0.6593406593406593,
              0.6153846153846154,
              0.6593406593406593,
              0.6593406593406593,
              0.6593406593406593,
              0.6483516483516484,
              0.6593406593406593,
              0.5274725274725275,
              0.6483516483516484,
              0.6153846153846154,
              1.0
            ],
            "tpr": [
              0.0,
              0.6666666666666666,
              1.0,
              0.8666666666666667,
              1.0,
              1.0,
              1.0,
              0.8666666666666667,
              1.0,
              0.8,
              0.8666666666666667,
              0.8666666666666667,
              1.0
            ],
            "precision": [
              1.0,
              0.15151515151515152,
              0.2,
              0.18840579710144928,
              0.2,
              0.2,
              0.2,
              0.18055555555555555,
              0.2,
              0.2,
              0.18055555555555555,
              0.18840579710144928,
              0.0
            ]
          }
        }
      }
    }
  }
}