{
  "trained": {
    "random_ablation": {
      "tracr-reverse": {
        "kl_div": {
          "SP": {
            "test_kl_div": [
              Infinity,
              0,
              0,
              0,
              0.008152157999575138,
              0,
              0.01149019319564104,
              0,
              0.006443582009524107,
              0.02403867559041828,
              0.004686263418989256,
              0,
              -Infinity
            ],
            "score": [
              Infinity,
              1,
              0.501,
              0.251,
              0.126,
              0.063,
              0.032,
              0.016,
              0.008,
              0.004,
              0.002,
              0.001,
              -Infinity
            ],
            "fpr": [
              0.0,
              0.4835164835164835,
              0.4835164835164835,
              0.4835164835164835,
              0.4835164835164835,
              0.4835164835164835,
              0.4835164835164835,
              0.4835164835164835,
              0.4835164835164835,
              0.4835164835164835,
              0.4835164835164835,
              0.4835164835164835,
              1.0
            ],
            "tpr": [
              0.0,
              0.4,
              0.4,
              0.4,
              0.4,
              0.4,
              0.4,
              0.4,
              0.4,
              0.4,
              0.4,
              0.4,
              1.0
            ],
            "precision": [
              1.0,
              0.12,
              0.12,
              0.12,
              0.12,
              0.12,
              0.12,
              0.12,
              0.12,
              0.12,
              0.12,
              0.12,
              0.0
            ],
            "n_edges": [
              NaN,
              50,
              50,
              50,
              50,
              50,
              50,
              50,
              50,
              50,
              50,
              50,
              NaN
            ]
          }
        }
      }
    }
  }
}