{
  "trained": {
    "random_ablation": {
      "tracr-proportion": {
        "kl_div": {
          "16H": {
            "score": [
              -Infinity,
              1.0,
              2.0,
              2.0000017443322804,
              2.000003488664561,
              2.000003488664561,
              2.000003488664561,
              2.000003488664561,
              2.000003488664561,
              Infinity
            ],
            "test_l2": [
              -Infinity,
              0.22074073553085327,
              0.22074073553085327,
              0.22074073553085327,
              0.22074073553085327,
              0.22074073553085327,
              0.22074073553085327,
              0.22074073553085327,
              0.22074073553085327,
              Infinity
            ],
            "test_kl_div": [
              -Infinity,
              0.01713000051677227,
              0.01713000051677227,
              0.01713000051677227,
              0.01713000051677227,
              0.01713000051677227,
              0.01713000051677227,
              0.01713000051677227,
              0.01713000051677227,
              Infinity
            ],
            "fpr": [
              1.0,
              0.8,
              0.8,
              0.8,
              0.8,
              0.6,
              0.4,
              0.1,
              0.0,
              0.0
            ],
            "tpr": [
              1.0,
              0.9090909090909091,
              0.7272727272727273,
              0.5454545454545454,
              0.2727272727272727,
              0.2727272727272727,
              0.2727272727272727,
              0.2727272727272727,
              0.2727272727272727,
              0.0
            ],
            "precision": [
              0.0,
              -69.0,
              -69.0,
              -69.0,
              -69.0,
              -69.0,
              -69.0,
              -69.0,
              -69.0,
              1.0
            ],
            "n_edges": [
              NaN,
              18,
              16,
              14,
              11,
              9,
              7,
              4,
              3,
              NaN
            ]
          }
        }
      }
    }
  }
}