{
  "trained": {
    "random_ablation": {
      "tracr-proportion": {
        "l2": {
          "16H": {
            "test_kl_div": [
              -Infinity,
              0.020842311903834343,
              0.020842311903834343,
              0.020842311903834343,
              0.020842311903834343,
              0.020842311903834343,
              0.020842311903834343,
              0.020842311903834343,
              0.020842311903834343,
              Infinity
            ],
            "test_l2": [
              -Infinity,
              0.2603703737258911,
              0.2603703737258911,
              0.2603703737258911,
              0.2603703737258911,
              0.2603703737258911,
              0.2603703737258911,
              0.2603703737258911,
              0.2603703737258911,
              Infinity
            ],
            "score": [
              -Infinity,
              0.0,
              0.0,
              0.0,
              0.0,
              0.0,
              0.0,
              0.0,
              0.0,
              Infinity
            ],
            "fpr": [
              1.0,
              0.6,
              0.4,
              0.1,
              0.1,
              0.1,
              0.1,
              0.1,
              0.0,
              0.0
            ],
            "tpr": [
              1.0,
              1.0,
              1.0,
              1.0,
              0.9090909090909091,
              0.7272727272727273,
              0.5454545454545454,
              0.2727272727272727,
              0.2727272727272727,
              0.0
            ],
            "precision": [
              0.0,
              -69.0,
              -69.0,
              -69.0,
              -69.0,
              -69.0,
              -69.0,
              -69.0,
              -69.0,
              1.0
            ],
            "n_edges": [
              NaN,
              17,
              15,
              12,
              11,
              9,
              7,
              4,
              3,
              NaN
            ]
          }
        }
      }
    }
  }
}