{
  "reset": {
    "random_ablation": {
      "tracr-reverse": {
        "kl_div": {
          "16H": {
            "score": [
              -Infinity,
              0.0,
              0.0,
              0.0,
              0.0,
              0.0,
              0.0,
              0.0,
              0.0,
              0.0,
              0.0,
              0.0,
              0.0,
              0.0,
              0.0,
              0.0,
              0.0,
              Infinity
            ],
            "test_kl_div": [
              -Infinity,
              0.09246327728033066,
              0.09246327728033066,
              0.09246327728033066,
              0.09246327728033066,
              0.09246327728033066,
              0.09246327728033066,
              0.09246327728033066,
              0.09246327728033066,
              0.09246327728033066,
              0.09246327728033066,
              0.09246327728033066,
              0.09246327728033066,
              0.09246327728033066,
              0.09246327728033066,
              0.09246327728033066,
              0.09246327728033066,
              Infinity
            ],
            "fpr": [
              1.0,
              0.7391304347826086,
              0.6521739130434783,
              0.6521739130434783,
              0.6521739130434783,
              0.5652173913043478,
              0.4782608695652174,
              0.34782608695652173,
              0.34782608695652173,
              0.2608695652173913,
              0.17391304347826086,
              0.043478260869565216,
              0.043478260869565216,
              0.043478260869565216,
              0.043478260869565216,
              0.043478260869565216,
              0.0,
              0.0
            ],
            "tpr": [
              1.0,
              1.0,
              1.0,
              0.8125,
              0.75,
              0.75,
              0.75,
              0.75,
              0.6875,
              0.6875,
              0.6875,
              0.6875,
              0.625,
              0.5,
              0.375,
              0.1875,
              0.1875,
              0.0
            ],
            "precision": [
              0.0,
              -69.0,
              -69.0,
              -69.0,
              -69.0,
              -69.0,
              -69.0,
              -69.0,
              -69.0,
              -69.0,
              -69.0,
              -69.0,
              -69.0,
              -69.0,
              -69.0,
              -69.0,
              -69.0,
              1.0
            ],
            "n_edges": [
              NaN,
              33,
              31,
              28,
              27,
              25,
              23,
              20,
              19,
              17,
              15,
              12,
              11,
              9,
              7,
              4,
              3,
              NaN
            ]
          }
        }
      }
    }
  }
}