{
  "trained": {
    "random_ablation": {
      "ioi": {
        "kl_div": {
          "ACDC": {
            "score": [
              Infinity,
              1,
              0.63096,
              0.39811,
              0.25119,
              0.15849,
              0.1,
              0.0631,
              0.03981,
              0.02512,
              0.01,
              0.00631,
              0.00251,
              0.00158,
              0.001,
              0.00063,
              0.0004,
              0.00025,
              0.00016,
              0.0001,
              -Infinity
            ],
            "fpr": [
              0.0,
              0.0,
              0.0,
              0.0,
              0.0,
              0.0,
              0.0,
              0.015384615384615385,
              0.038461538461538464,
              0.07692307692307693,
              0.16153846153846155,
              0.2153846153846154,
              0.2846153846153846,
              0.2,
              0.2230769230769231,
              0.2846153846153846,
              0.2923076923076923,
              0.2846153846153846,
              0.3230769230769231,
              0.3769230769230769,
              1.0
            ],
            "tpr": [
              0.0,
              0.004424778761061947,
              0.011061946902654867,
              0.017699115044247787,
              0.02101769911504425,
              0.025442477876106196,
              0.032079646017699116,
              0.06084070796460177,
              0.09734513274336283,
              0.14933628318584072,
              0.23561946902654868,
              0.25331858407079644,
              0.27986725663716816,
              0.9723451327433629,
              0.9657079646017699,
              0.9579646017699115,
              0.963495575221239,
              0.9723451327433629,
              0.9723451327433629,
              0.9911504424778761,
              1.0
            ],
            "precision": [
              1.0,
              -69.0,
              -69.0,
              -69.0,
              -69.0,
              -69.0,
              -69.0,
              -69.0,
              -69.0,
              -69.0,
              -69.0,
              -69.0,
              -69.0,
              -69.0,
              -69.0,
              -69.0,
              -69.0,
              -69.0,
              -69.0,
              -69.0,
              0.0
            ],
            "n_edges": [
              NaN,
              4,
              10,
              16,
              19,
              23,
              29,
              57,
              93,
              145,
              234,
              257,
              290,
              905,
              902,
              903,
              909,
              916,
              921,
              945,
              NaN
            ]
          }
        }
      }
    }
  }
}