{
  "reset": {
    "random_ablation": {
      "tracr-proportion": {
        "kl_div": {
          "ACDC": {
            "score": [
              Infinity,
              0.1,
              0.0631,
              0.03981,
              0.02512,
              0.01585,
              0.01,
              0.00631,
              0.00398,
              0.00251,
              0.00158,
              0.001,
              -Infinity
            ],
            "fpr": [
              0.0,
              0.1,
              0.1,
              0.1,
              0.1,
              0.1,
              0.1,
              0.1,
              0.1,
              0.1,
              0.1,
              0.1,
              1.0
            ],
            "tpr": [
              0.0,
              0.09090909090909091,
              0.09090909090909091,
              0.09090909090909091,
              0.09090909090909091,
              0.09090909090909091,
              0.09090909090909091,
              0.09090909090909091,
              0.09090909090909091,
              0.09090909090909091,
              0.09090909090909091,
              0.09090909090909091,
              1.0
            ],
            "precision": [
              1.0,
              -69.0,
              -69.0,
              -69.0,
              -69.0,
              -69.0,
              -69.0,
              -69.0,
              -69.0,
              -69.0,
              -69.0,
              -69.0,
              0.0
            ],
            "n_edges": [
              NaN,
              2,
              2,
              2,
              2,
              2,
              2,
              2,
              2,
              2,
              2,
              2,
              NaN
            ]
          }
        }
      }
    }
  }
}