{
  "trained": {
    "random_ablation": {
      "ioi": {
        "kl_div": {
          "ACDC": {
            "tpr": [
              0.0,
              0.0,
              0.0,
              0.0,
              0.0,
              0.0,
              0.0,
              0.0,
              0.0,
              0.0,
              0.0,
              0.0,
              0.0,
              0.0,
              0.0,
              0.0,
              0.0,
              0.0,
              0.0,
              0.0,
              1.0
            ],
            "score": [
              Infinity,
              1,
              0.63096,
              0.39811,
              0.25119,
              0.15849,
              0.1,
              0.0631,
              0.03981,
              0.02512,
              0.01,
              0.00631,
              0.00251,
              0.00158,
              0.001,
              0.00063,
              0.0004,
              0.00025,
              0.00016,
              0.0001,
              -Infinity
            ],
            "fpr": [
              0.0,
              0.0,
              0.0,
              0.0,
              0.0,
              0.0,
              0.0,
              0.0,
              0.0,
              0.0,
              0.0,
              0.0,
              0.0,
              0.0,
              0.0,
              0.0,
              0.0,
              0.0,
              0.0,
              0.0,
              1.0
            ],
            "precision": [
              1.0,
              -69.0,
              -69.0,
              -69.0,
              -69.0,
              -69.0,
              -69.0,
              -69.0,
              -69.0,
              -69.0,
              -69.0,
              -69.0,
              -69.0,
              -69.0,
              -69.0,
              -69.0,
              -69.0,
              -69.0,
              -69.0,
              -69.0,
              0.0
            ],
            "n_edges": [
              NaN,
              0,
              0,
              0,
              0,
              0,
              0,
              0,
              0,
              0,
              0,
              0,
              0,
              0,
              0,
              0,
              0,
              0,
              0,
              0,
              NaN
            ]
          }
        }
      }
    }
  }
}