{
  "trained": {
    "random_ablation": {
      "ioi": {
        "kl_div": {
          "ACDC": {
            "score": [
              Infinity,
              1,
              0.63096,
              0.39811,
              0.25119,
              0.15849,
              0.1,
              0.0631,
              0.03981,
              0.02512,
              0.01,
              0.00631,
              0.00251,
              0.00158,
              0.001,
              0.00063,
              0.0004,
              0.00025,
              0.00016,
              0.0001,
              -Infinity
            ],
            "fpr": [
              0.0,
              0.0,
              0.0,
              0.0,
              0.0,
              0.0,
              0.0,
              0.0,
              0.0,
              0.0,
              0.0,
              0.0,
              0.0,
              0.0,
              0.0,
              0.0,
              0.0,
              0.0,
              0.0,
              0.0,
              1.0
            ],
            "tpr": [
              0.0,
              0.0023121387283236996,
              0.004624277456647399,
              0.008092485549132947,
              0.011560693641618497,
              0.013872832369942197,
              0.016184971098265895,
              0.03005780346820809,
              0.05433526011560694,
              0.09826589595375723,
              0.17109826589595376,
              0.1838150289017341,
              0.21734104046242775,
              0.953757225433526,
              0.9514450867052023,
              0.945664739884393,
              0.945664739884393,
              0.9641618497109826,
              0.9618497109826589,
              0.9815028901734104,
              1.0
            ],
            "precision": [
              1.0,
              -69.0,
              -69.0,
              -69.0,
              -69.0,
              -69.0,
              -69.0,
              -69.0,
              -69.0,
              -69.0,
              -69.0,
              -69.0,
              -69.0,
              -69.0,
              -69.0,
              -69.0,
              -69.0,
              -69.0,
              -69.0,
              -69.0,
              0.0
            ],
            "n_edges": [
              NaN,
              2,
              4,
              7,
              10,
              12,
              14,
              26,
              47,
              85,
              148,
              159,
              188,
              825,
              823,
              818,
              818,
              834,
              832,
              849,
              NaN
            ]
          }
        }
      }
    }
  }
}