{
  "reset": {
    "zero_ablation": {
      "ioi": {
        "kl_div": {
          "ACDC": {
            "score": [
              Infinity,
              2.511886431509577,
              2.154434690031882,
              1.7782794100389228,
              1.389495494373136,
              1,
              0.46415888336127725,
              0.31622776601683794,
              0.15848931924611143,
              -Infinity
            ],
            "fpr": [
              0.0,
              0.0,
              0.0,
              0.0,
              0.0,
              0.0,
              0.0,
              0.0,
              0.0,
              1.0
            ],
            "tpr": [
              0.0,
              0.0011560693641618498,
              0.0011560693641618498,
              0.012716763005780347,
              0.013872832369942197,
              0.004624277456647399,
              0.09710982658959537,
              0.11445086705202312,
              0.19653179190751446,
              1.0
            ],
            "precision": [
              1.0,
              -69.0,
              -69.0,
              -69.0,
              -69.0,
              -69.0,
              -69.0,
              -69.0,
              -69.0,
              0.0
            ],
            "n_edges": [
              NaN,
              1,
              1,
              11,
              12,
              4,
              84,
              99,
              170,
              NaN
            ]
          }
        }
      }
    }
  }
}