{
  "reset": {
    "zero_ablation": {
      "greaterthan": {
        "greaterthan": {
          "ACDC": {
            "test_kl_div": [
              Infinity,
              16.261964797973633,
              16.261964797973633,
              16.261964797973633,
              16.261964797973633,
              16.261964797973633,
              -Infinity
            ],
            "score": [
              Infinity,
              0.00063,
              0.0004,
              0.00025,
              0.00016,
              0.0001,
              -Infinity
            ],
            "test_greaterthan": [
              Infinity,
              3.6216224543750286e-06,
              3.6216224543750286e-06,
              3.6216224543750286e-06,
              3.6216224543750286e-06,
              3.6216224543750286e-06,
              -Infinity
            ],
            "fpr": [
              0.0,
              0.0,
              0.0,
              0.0,
              0.0030241935483870967,
              0.0030241935483870967,
              1.0
            ],
            "tpr": [
              0.0,
              0.047619047619047616,
              0.047619047619047616,
              0.047619047619047616,
              0.047619047619047616,
              0.047619047619047616,
              1.0
            ],
            "precision": [
              1.0,
              -69.0,
              -69.0,
              -69.0,
              -69.0,
              -69.0,
              0.0
            ],
            "n_edges": [
              NaN,
              2,
              2,
              2,
              5,
              5,
              NaN
            ]
          }
        }
      }
    }
  }
}