{
  "trained": {
    "zero_ablation": {
      "ioi": {
        "kl_div": {
          "ACDC": {
            "score": [
              Infinity,
              2.511886431509577,
              2.154434690031882,
              1.7782794100389228,
              1.389495494373136,
              1,
              0.46415888336127725,
              0.31622776601683794,
              0.15848931924611143,
              -Infinity
            ],
            "fpr": [
              0.0,
              0.0,
              0.0,
              0.1076923076923077,
              0.18461538461538463,
              0.0,
              0.4076923076923077,
              0.6,
              0.7076923076923077,
              1.0
            ],
            "tpr": [
              0.0,
              0.0022123893805309734,
              0.0022123893805309734,
              0.01991150442477876,
              0.028761061946902654,
              0.007743362831858407,
              0.13053097345132744,
              0.16150442477876106,
              0.2323008849557522,
              1.0
            ],
            "precision": [
              1.0,
              -69.0,
              -69.0,
              -69.0,
              -69.0,
              -69.0,
              -69.0,
              -69.0,
              -69.0,
              0.0
            ],
            "n_edges": [
              NaN,
              2,
              2,
              32,
              50,
              7,
              171,
              224,
              302,
              NaN
            ]
          }
        }
      }
    }
  }
}