{
  "trained": {
    "random_ablation": {
      "greaterthan": {
        "kl_div": {
          "ACDC": {
            "score": [
              Infinity,
              0.39811,
              0.15849,
              0.1,
              0.0631,
              0.02512,
              0.01585,
              0.01,
              0.00631,
              0.00398,
              0.00251,
              0.00158,
              0.001,
              0.00063,
              0.0004,
              0.00025,
              0.00016,
              0.0001,
              -Infinity
            ],
            "fpr": [
              0.0,
              0.0,
              0.0020161290322580645,
              0.0030241935483870967,
              0.007056451612903226,
              0.015120967741935484,
              0.012096774193548387,
              0.023185483870967742,
              0.02620967741935484,
              0.028225806451612902,
              0.037298387096774195,
              0.04536290322580645,
              0.06149193548387097,
              0.07459677419354839,
              0.09879032258064516,
              0.14717741935483872,
              0.19556451612903225,
              0.2872983870967742,
              1.0
            ],
            "tpr": [
              0.0,
              0.047619047619047616,
              0.19047619047619047,
              0.2857142857142857,
              0.3333333333333333,
              0.5952380952380952,
              0.6190476190476191,
              0.7142857142857143,
              0.7380952380952381,
              0.7619047619047619,
              0.7857142857142857,
              0.8095238095238095,
              0.7857142857142857,
              0.8333333333333334,
              0.8571428571428571,
              0.8333333333333334,
              0.8333333333333334,
              0.8809523809523809,
              1.0
            ],
            "precision": [
              1.0,
              -69.0,
              -69.0,
              -69.0,
              -69.0,
              -69.0,
              -69.0,
              -69.0,
              -69.0,
              -69.0,
              -69.0,
              -69.0,
              -69.0,
              -69.0,
              -69.0,
              -69.0,
              -69.0,
              -69.0,
              0.0
            ],
            "n_edges": [
              NaN,
              2,
              10,
              15,
              21,
              40,
              38,
              53,
              57,
              60,
              70,
              79,
              94,
              109,
              134,
              181,
              229,
              322,
              NaN
            ]
          }
        }
      }
    }
  }
}