{
  "reset": {
    "zero_ablation": {
      "greaterthan": {
        "kl_div": {
          "ACDC": {
            "score": [
              Infinity,
              0.31622776601683794,
              0.19306977288832497,
              0.1,
              0.1,
              0.05623413251903491,
              0.03981071705534969,
              0.026826957952797246,
              0.021544346900318822,
              0.01,
              0.01,
              0.004641588833612777,
              0.003727593720314938,
              0.0017782794100389228,
              0.001,
              0.001,
              0.00031622776601683794,
              0.00031622776601683794,
              0.00015848931924611142,
              5.623413251903491e-05,
              4.641588833612782e-05,
              -Infinity
            ],
            "fpr": [
              0.0,
              0.007056451612903226,
              0.03225806451612903,
              0.02620967741935484,
              0.02620967741935484,
              0.046370967741935484,
              0.13205645161290322,
              0.05040322580645161,
              0.04838709677419355,
              0.018145161290322582,
              0.17540322580645162,
              0.28125,
              0.2752016129032258,
              0.23891129032258066,
              0.025201612903225805,
              0.1280241935483871,
              0.34173387096774194,
              0.24899193548387097,
              0.26713709677419356,
              0.25,
              0.22278225806451613,
              1.0
            ],
            "tpr": [
              0.0,
              0.21428571428571427,
              0.40476190476190477,
              0.2857142857142857,
              0.2857142857142857,
              0.47619047619047616,
              0.5,
              0.4523809523809524,
              0.38095238095238093,
              0.9761904761904762,
              0.6428571428571429,
              0.7142857142857143,
              0.6190476190476191,
              0.7142857142857143,
              1.0,
              0.6904761904761905,
              1.0,
              0.7142857142857143,
              0.7857142857142857,
              0.7619047619047619,
              0.7142857142857143,
              1.0
            ],
            "precision": [
              1.0,
              -69.0,
              -69.0,
              -69.0,
              -69.0,
              -69.0,
              -69.0,
              -69.0,
              -69.0,
              -69.0,
              -69.0,
              -69.0,
              -69.0,
              -69.0,
              -69.0,
              -69.0,
              -69.0,
              -69.0,
              -69.0,
              -69.0,
              -69.0,
              0.0
            ],
            "n_edges": [
              NaN,
              16,
              49,
              38,
              38,
              66,
              152,
              69,
              64,
              59,
              201,
              309,
              299,
              267,
              67,
              156,
              381,
              277,
              298,
              280,
              251,
              NaN
            ]
          }
        }
      }
    }
  }
}