{
  "trained": {
    "random_ablation": {
      "greaterthan": {
        "kl_div": {
          "ACDC": {
            "score": [
              Infinity,
              0.39811,
              0.15849,
              0.1,
              0.0631,
              0.02512,
              0.01585,
              0.01,
              0.00631,
              0.00398,
              0.00251,
              0.00158,
              0.001,
              0.00063,
              0.0004,
              0.00025,
              0.00016,
              0.0001,
              -Infinity
            ],
            "fpr": [
              0.0,
              0.0,
              0.0019821605550049554,
              0.002973240832507433,
              0.005946481665014866,
              0.011892963330029732,
              0.010901883052527254,
              0.018830525272547076,
              0.019821605550049554,
              0.019821605550049554,
              0.023785926660059464,
              0.027750247770069375,
              0.035678889990089196,
              0.04162537165510406,
              0.05847373637264618,
              0.09217046580773043,
              0.12685827552031714,
              0.1863230921704658,
              1.0
            ],
            "tpr": [
              0.0,
              0.04,
              0.04,
              0.12,
              0.2,
              0.36,
              0.36,
              0.48,
              0.52,
              0.56,
              0.6,
              0.64,
              0.64,
              0.68,
              0.72,
              0.68,
              0.68,
              0.8,
              1.0
            ],
            "precision": [
              1.0,
              -69.0,
              -69.0,
              -69.0,
              -69.0,
              -69.0,
              -69.0,
              -69.0,
              -69.0,
              -69.0,
              -69.0,
              -69.0,
              -69.0,
              -69.0,
              -69.0,
              -69.0,
              -69.0,
              -69.0,
              0.0
            ],
            "n_edges": [
              NaN,
              1,
              3,
              6,
              11,
              21,
              20,
              31,
              33,
              34,
              39,
              44,
              52,
              59,
              77,
              110,
              145,
              208,
              NaN
            ]
          }
        }
      }
    }
  }
}