{
  "reset": {
    "zero_ablation": {
      "greaterthan": {
        "kl_div": {
          "ACDC": {
            "score": [
              Infinity,
              0.31622776601683794,
              0.19306977288832497,
              0.1,
              0.1,
              0.05623413251903491,
              0.03981071705534969,
              0.026826957952797246,
              0.021544346900318822,
              0.01,
              0.01,
              0.004641588833612777,
              0.003727593720314938,
              0.0017782794100389228,
              0.001,
              0.001,
              0.00031622776601683794,
              0.00031622776601683794,
              0.00015848931924611142,
              5.623413251903491e-05,
              4.641588833612782e-05,
              -Infinity
            ],
            "fpr": [
              0.0,
              0.002973240832507433,
              0.017839444995044598,
              0.008919722497522299,
              0.008919722497522299,
              0.02576808721506442,
              0.03369672943508424,
              0.008919722497522299,
              0.006937561942517344,
              0.0,
              0.08820614469772052,
              0.15163528245787908,
              0.16749256689791872,
              0.12983151635282458,
              0.0,
              0.04360753221010902,
              0.20118929633300298,
              0.10208126858275521,
              0.1110009910802775,
              0.10208126858275521,
              0.08523290386521308,
              1.0
            ],
            "tpr": [
              0.0,
              0.16,
              0.4,
              0.16,
              0.16,
              0.4,
              0.28,
              0.24,
              0.2,
              1.0,
              0.52,
              0.52,
              0.4,
              0.52,
              1.0,
              0.44,
              1.0,
              0.52,
              0.64,
              0.56,
              0.52,
              1.0
            ],
            "precision": [
              1.0,
              -69.0,
              -69.0,
              -69.0,
              -69.0,
              -69.0,
              -69.0,
              -69.0,
              -69.0,
              -69.0,
              -69.0,
              -69.0,
              -69.0,
              -69.0,
              -69.0,
              -69.0,
              -69.0,
              -69.0,
              -69.0,
              -69.0,
              -69.0,
              0.0
            ],
            "n_edges": [
              NaN,
              7,
              28,
              13,
              13,
              36,
              41,
              15,
              12,
              25,
              102,
              166,
              179,
              144,
              25,
              55,
              228,
              116,
              128,
              117,
              99,
              NaN
            ]
          }
        }
      }
    }
  }
}