{
  "trained": {
    "random_ablation": {
      "docstring": {
        "kl_div": {
          "ACDC": {
            "test_docstring_metric": [
              Infinity,
              3.2708044052124023,
              3.2708044052124023,
              3.2708044052124023,
              3.2708072662353516,
              3.2708072662353516,
              3.2708072662353516,
              2.4983015060424805,
              1.9158706665039065,
              1.9158697128295896,
              1.9158697128295896,
              1.597259521484375,
              1.4128713607788086,
              1.1770915985107422,
              1.043844223022461,
              0.4197330474853515,
              0.3126659393310547,
              0.3847084045410156,
              -0.3684501647949219,
              -Infinity
            ],
            "precision": [
              1.0,
              -69.0,
              -69.0,
              -69.0,
              -69.0,
              -69.0,
              -69.0,
              -69.0,
              -69.0,
              -69.0,
              -69.0,
              -69.0,
              -69.0,
              -69.0,
              -69.0,
              -69.0,
              -69.0,
              -69.0,
              -69.0,
              0.0
            ],
            "score": [
              Infinity,
              3.16228,
              2.37137,
              1.77828,
              1.33352,
              1,
              0.74989,
              0.56234,
              0.4217,
              0.31623,
              0.23714,
              0.13335,
              0.1,
              0.05623,
              0.03162,
              0.02371,
              0.01778,
              0.01334,
              0.01,
              -Infinity
            ],
            "fpr": [
              0.0,
              0.0,
              0.0,
              0.0,
              0.0,
              0.0,
              0.0,
              0.0,
              0.0,
              0.0,
              0.004878048780487805,
              0.03414634146341464,
              0.03902439024390244,
              0.04878048780487805,
              0.07317073170731707,
              0.12682926829268293,
              0.16585365853658537,
              0.18048780487804877,
              0.`21951219512195122,
              1.0
            ],
            "test_nll": [
              Infinity,
              7.324264049530029,
              7.324264049530029,
              7.324264049530029,
              7.3242645263671875,
              7.3242645263671875,
              7.3242645263671875,
              6.189568519592285,
              4.972650051116943,
              4.972649097442627,
              4.972649097442627,
              4.393736362457275,
              4.24815559387207,
              3.7155041694641113,
              3.3774120807647705,
              2.845288038253784,
              2.7575559616088867,
              2.763894557952881,
              2.176006555557251,
              -Infinity
            ],
            "test_match_nll": [
              Infinity,
              5.762639045715332,
              5.762639045715332,
              5.762639045715332,
              5.762639999389648,
              5.762639999389648,
              5.762639999389648,
              4.627943515777588,
              3.411025285720825,
              3.4110240936279297,
              3.4110240936279297,
              2.832111120223999,
              2.686530351638794,
              2.1538796424865723,
              1.8157875537872312,
              1.283663034439087,
              1.1959307193756104,
              1.2022697925567627,
              0.6143814921379089,
              -Infinity
            ],
            "test_kl_div": [
              Infinity,
              3.9900143146514897,
              3.9900143146514897,
              3.9900143146514897,
              3.990014553070069,
              3.990014553070069,
              3.990014553070069,
              2.960808753967285,
              2.1203291416168213,
              2.120328664779663,
              2.1203291416168213,
              1.727793574333191,
              1.651485562324524,
              1.2661926746368408,
              1.1609065532684326,
              0.926006555557251,
              0.8958532810211182,
              1.0032769441604614,
              0.678995668888092,
              -Infinity
            ],
            "tpr": [
              0.0,
              0.9523809523809523,
              0.9523809523809523,
              0.9523809523809523,
              0.8571428571428571,
              0.8571428571428571,
              0.8571428571428571,
              0.7619047619047619,
              0.8095238095238095,
              0.7619047619047619,
              0.7619047619047619,
              1.0,
              1.0,
              1.0,
              1.0,
              1.0,
              1.0,
              1.0,
              1.0,
              1.0
            ],
            "test_docstring_stefan": [
              Infinity,
              -0.119999997317791,
              -0.119999997317791,
              -0.119999997317791,
              -0.119999997317791,
              -0.119999997317791,
              -0.119999997317791,
              -0.10000000149011612,
              -0.23999999463558197,
              -0.23999999463558197,
              -0.23999999463558197,
              -0.23999999463558197,
              -0.23999999463558197,
              -0.2800000011920929,
              -0.36000001430511475,
              -0.4399999976158142,
              -0.41999998688697815,
              -0.4600000083446502,
              -0.5199999809265137,
              -Infinity
            ],
            "n_edges": [
              NaN,
              20,
              20,
              20,
              18,
              18,
              18,
              16,
              17,
              16,
              17,
              28,
              29,
              31,
              36,
              47,
              55,
              58,
              66,
              NaN
            ]
          }
        }
      }
    }
  }
}