{
  "trained": {
    "zero_ablation": {
      "greaterthan": {
        "greaterthan": {
          "ACDC": {
            "score": [
              Infinity,
              0.31622776601683794,
              0.19306977288832497,
              0.1,
              0.1,
              0.05623413251903491,
              0.026826957952797246,
              0.021544346900318822,
              0.01,
              0.0017782794100389228,
              -Infinity
            ],
            "fpr": [
              0.0,
              1.0,
              1.0,
              1.0,
              1.0,
              1.0,
              1.0,
              1.0,
              1.0,
              1.0,
              1.0
            ],
            "tpr": [
              0.0,
              0.030864197530864196,
              0.08024691358024691,
              0.043209876543209874,
              0.043209876543209874,
              0.08641975308641975,
              0.08024691358024691,
              0.08024691358024691,
              0.17901234567901234,
              0.17901234567901234,
              1.0
            ],
            "precision": [
              1.0,
              0.4166666666666667,
              0.2826086956521739,
              0.18421052631578946,
              0.18421052631578946,
              0.20588235294117646,
              0.19696969696969696,
              0.20634920634920634,
              0.1111111111111111,
              0.054924242424242424,
              0.0
            ],
            "n_edges": [
              NaN,
              12,
              46,
              38,
              38,
              68,
              66,
              63,
              261,
              528,
              NaN
            ]
          }
        }
      }
    }
  }
}