{
  "trained": {
    "zero_ablation": {
      "docstring": {
        "docstring_metric": {
          "CANONICAL": {
            "test_docstring_metric": [
              Infinity,
              -0.8751548528671265,
              -0.8751548528671265,
              -0.8751548528671265,
              -Infinity
            ],
            "score": [
              Infinity,
              1.0,
              0.5,
              0.0,
              -Infinity
            ],
            "test_docstring_stefan": [
              Infinity,
              -0.6600000262260437,
              -0.6600000262260437,
              -0.6600000262260437,
              -Infinity
            ],
            "test_match_nll": [
              Infinity,
              0.0,
              0.0,
              0.0,
              -Infinity
            ],
            "test_nll": [
              Infinity,
              1.5616275072097778,
              1.5616275072097778,
              1.5616275072097778,
              -Infinity
            ],
            "test_kl_div": [
              Infinity,
              0.0,
              0.0,
              0.0,
              -Infinity
            ],
            "edge_fpr": [
              0.0,
              1.0,
              0.0,
              0.0,
              1.0
            ],
            "edge_tpr": [
              0.0,
              1.0,
              1.0,
              0.0,
              1.0
            ],
            "edge_precision": [
              1.0,
              0.01815541031227306,
              1.0,
              1,
              0.0
            ],
            "n_edges": [
              NaN,
              1377,
              25,
              0,
              NaN
            ],
            "node_fpr": [
              0.0,
              1.0,
              0.0,
              0.0,
              1.0
            ],
            "node_tpr": [
              0.0,
              1.0,
              1.0,
              0.0,
              1.0
            ],
            "node_precision": [
              1.0,
              0.11946902654867257,
              1.0,
              1,
              0.0
            ],
            "n_nodes": [
              NaN,
              226,
              27,
              0,
              NaN
            ]
          }
        }
      }
    }
  }
}