{
  "trained": {
    "zero_ablation": {
      "docstring": {
        "docstring_metric": {
          "CANONICAL": {
            "score": [
              Infinity,
              1.0,
              0.5,
              0.0,
              -Infinity
            ],
            "test_docstring_metric": [
              Infinity,
              2.5973236560821533,
              3.6505744457244873,
              1.9790241718292236,
              -Infinity
            ],
            "test_match_nll": [
              Infinity,
              6.756175518035889,
              8.667328834533691,
              8.461353302001953,
              -Infinity
            ],
            "test_nll": [
              Infinity,
              8.317802429199219,
              10.22895622253418,
              10.022980690002441,
              -Infinity
            ],
            "test_kl_div": [
              Infinity,
              4.811915397644043,
              6.613287448883057,
              6.6682281494140625,
              -Infinity
            ],
            "test_docstring_stefan": [
              Infinity,
              -0.1599999964237213,
              -0.05999999865889549,
              -0.05999999865889549,
              -Infinity
            ],
            "edge_fpr": [
              0.0,
              1.0,
              0.0,
              0.0,
              1.0
            ],
            "edge_tpr": [
              0.0,
              1.0,
              1.0,
              0.0,
              1.0
            ],
            "edge_precision": [
              1.0,
              0.01815541031227306,
              1.0,
              1,
              0.0
            ],
            "n_edges": [
              NaN,
              1377,
              25,
              0,
              NaN
            ],
            "node_fpr": [
              0.0,
              1.0,
              0.0,
              0.0,
              1.0
            ],
            "node_tpr": [
              0.0,
              1.0,
              1.0,
              0.0,
              1.0
            ],
            "node_precision": [
              1.0,
              0.11946902654867257,
              1.0,
              1,
              0.0
            ],
            "n_nodes": [
              NaN,
              226,
              27,
              0,
              NaN
            ]
          }
        }
      }
    }
  }
}