{
  "reset": {
    "random_ablation": {
      "greaterthan": {
        "kl_div": {
          "SP": {
            "score": [
              Infinity,
              31.623,
              4.217,
              0.562,
              0.075,
              0.01,
              -Infinity
            ],
            "test_greaterthan": [
              Infinity,
              7.323893396460335e-05,
              0.0001280548826798622,
              0.00020023227762067108,
              0.00020777428335350123,
              0.00020048947999384836,
              -Infinity
            ],
            "test_kl_div": [
              Infinity,
              322.79997634887695,
              309.0174226760864,
              300.5173101425171,
              300.57770919799805,
              300.6603727340698,
              -Infinity
            ],
            "fpr": [
              0.0,
              0.4053518334985134,
              0.49950445986124875,
              0.6392467789890981,
              0.6521308225966304,
              0.6759167492566898,
              1.0
            ],
            "tpr": [
              0.0,
              1.0,
              1.0,
              1.0,
              1.0,
              1.0,
              1.0
            ],
            "precision": [
              1.0,
              -69.0,
              -69.0,
              -69.0,
              -69.0,
              -69.0,
              0.0
            ],
            "n_edges": [
              NaN,
              434,
              529,
              670,
              683,
              707,
              NaN
            ]
          }
        }
      }
    }
  }
}