{
  "reset": {
    "random_ablation": {
      "greaterthan": {
        "greaterthan": {
          "SP": {
            "score": [
              Infinity,
              100,
              3.162,
              0.1,
              0.003,
              0,
              -Infinity
            ],
            "test_kl_div": [
              Infinity,
              322.8045539855957,
              322.8011054992676,
              322.80249214172363,
              322.80027961730957,
              339.2984085083008,
              -Infinity
            ],
            "test_greaterthan": [
              Infinity,
              7.320592999349174e-05,
              7.320827035073307e-05,
              7.32026906007377e-05,
              7.317279687413247e-05,
              2.2110763893579133e-05,
              -Infinity
            ],
            "fpr": [
              0.0,
              0.4053518334985134,
              0.4043607532210109,
              0.4053518334985134,
              0.4053518334985134,
              0.7304261645193261,
              1.0
            ],
            "tpr": [
              0.0,
              1.0,
              1.0,
              1.0,
              1.0,
              1.0,
              1.0
            ],
            "precision": [
              1.0,
              -69.0,
              -69.0,
              -69.0,
              -69.0,
              -69.0,
              0.0
            ],
            "n_edges": [
              NaN,
              434,
              433,
              434,
              434,
              762,
              NaN
            ]
          }
        }
      }
    }
  }
}