{
  "reset": {
    "zero_ablation": {
      "greaterthan": {
        "kl_div": {
          "SP": {
            "test_greaterthan": [
              Infinity,
              -1.821115931496024,
              -1.6412069513462484,
              -0.7552851941436529,
              -2.6329172188416123,
              -Infinity
            ],
            "test_kl_div": [
              Infinity,
              63.15787935256958,
              64.29615664482117,
              69.03810691833496,
              67.33272552490234,
              -Infinity
            ],
            "score": [
              Infinity,
              31.623,
              4.217,
              0.075,
              0.01,
              -Infinity
            ],
            "fpr": [
              0.0,
              0.533201189296333,
              0.66798810703667,
              0.7234886025768087,
              0.7224975222993062,
              1.0
            ],
            "tpr": [
              0.0,
              1.0,
              1.0,
              1.0,
              1.0,
              1.0
            ],
            "precision": [
              1.0,
              -69.0,
              -69.0,
              -69.0,
              -69.0,
              0.0
            ],
            "n_edges": [
              NaN,
              563,
              699,
              755,
              754,
              NaN
            ]
          }
        }
      }
    }
  }
}