{
  "reset": {
    "zero_ablation": {
      "greaterthan": {
        "greaterthan": {
          "SP": {
            "test_greaterthan": [
              Infinity,
              0.03987003234215081,
              0.04198373679537326,
              -0.04305844654663815,
              -0.0005837680710456539,
              -0.0004460657657006095,
              -Infinity
            ],
            "score": [
              Infinity,
              100,
              3.162,
              0.1,
              0.003,
              0,
              -Infinity
            ],
            "test_kl_div": [
              Infinity,
              138.81266593933103,
              138.3419108390808,
              180.62293481826785,
              280.1456708908081,
              294.6657419204712,
              -Infinity
            ],
            "fpr": [
              0.0,
              0.4053518334985134,
              0.4043607532210109,
              0.4251734390485629,
              0.6323092170465807,
              0.7522299306243806,
              1.0
            ],
            "tpr": [
              0.0,
              1.0,
              1.0,
              1.0,
              1.0,
              1.0,
              1.0
            ],
            "precision": [
              1.0,
              -69.0,
              -69.0,
              -69.0,
              -69.0,
              -69.0,
              0.0
            ],
            "n_edges": [
              NaN,
              434,
              433,
              454,
              663,
              784,
              NaN
            ]
          }
        }
      }
    }
  }
}