{
  "reset": {
    "zero_ablation": {
      "ioi": {
        "logit_diff": {
          "SP": {
            "test_kl_div": [
              Infinity,
              204.72930335998535,
              278.856237411499,
              273.7962980270386,
              266.208984375,
              263.23313903808594,
              -Infinity
            ],
            "test_nll": [
              Infinity,
              277.72078037261963,
              349.62307357788086,
              341.0998868942261,
              344.269811630249,
              344.679235458374,
              -Infinity
            ],
            "test_match_nll": [
              Infinity,
              262.5747652053833,
              352.473801612854,
              333.42534732818604,
              344.1939706802368,
              339.01355934143066,
              -Infinity
            ],
            "test_logit_diff": [
              Infinity,
              -5.695217132568359,
              -3.732816457748413,
              -2.288724660873413,
              -1.9053462743759155,
              -3.170192174613476,
              -Infinity
            ],
            "score": [
              Infinity,
              100,
              3.162,
              0.1,
              0.003,
              0,
              -Infinity
            ],
            "test_frac_correct": [
              Infinity,
              -10.47999969124794,
              -9.96999979019165,
              -10.079999715089798,
              -9.87999975681305,
              -10.2499997317791,
              -Infinity
            ],
            "fpr": [
              0.0,
              0.0,
              0.0,
              0.0,
              0.0,
              0.0,
              1.0
            ],
            "tpr": [
              0.0,
              0.522543352601156,
              0.7341040462427746,
              0.8439306358381503,
              0.8393063583815029,
              0.8624277456647399,
              1.0
            ],
            "precision": [
              1.0,
              -69.0,
              -69.0,
              -69.0,
              -69.0,
              -69.0,
              0.0
            ],
            "n_edges": [
              NaN,
              452,
              635,
              730,
              726,
              746,
              NaN
            ]
          }
        }
      }
    }
  }
}