{
  "reset": {
    "random_ablation": {
      "ioi": {
        "kl_div": {
          "SP": {
            "test_frac_correct": [
              Infinity,
              -10.59999942779541,
              -10.679999351501465,
              -10.649999499320984,
              -10.499999582767488,
              -10.5099995136261,
              -Infinity
            ],
            "test_match_nll": [
              Infinity,
              270.81014919281006,
              269.50837993621826,
              266.22970390319824,
              265.36726570129395,
              265.4906940460205,
              -Infinity
            ],
            "test_kl_div": [
              Infinity,
              208.26551628112793,
              207.09987449645996,
              204.58759593963623,
              204.2374563217163,
              204.11851406097412,
              -Infinity
            ],
            "score": [
              Infinity,
              31.623,
              4.217,
              0.562,
              0.075,
              0.01,
              -Infinity
            ],
            "test_logit_diff": [
              Infinity,
              -6.3574018478393555,
              -6.244154930114746,
              -6.160984516143799,
              -6.289402961730957,
              -6.2062087059021,
              -Infinity
            ],
            "test_nll": [
              Infinity,
              281.11054134368896,
              279.8556900024414,
              276.2118158340454,
              275.99070930480957,
              275.8101530075073,
              -Infinity
            ],
            "fpr": [
              0.0,
              0.0,
              0.2923076923076923,
              0.8461538461538461,
              0.8692307692307693,
              0.8846153846153846,
              1.0
            ],
            "tpr": [
              0.0,
              0.49336283185840707,
              0.5542035398230089,
              0.7997787610619469,
              0.8362831858407079,
              0.8396017699115044,
              1.0
            ],
            "precision": [
              1.0,
              -69.0,
              -69.0,
              -69.0,
              -69.0,
              -69.0,
              0.0
            ],
            "n_edges": [
              NaN,
              446,
              539,
              833,
              869,
              874,
              NaN
            ]
          }
        }
      }
    }
  }
}