{
  "reset": {
    "zero_ablation": {
      "ioi": {
        "logit_diff": {
          "SP": {
            "test_kl_div": [
              Infinity,
              204.72930335998535,
              278.856237411499,
              273.7962980270386,
              266.208984375,
              263.23313903808594,
              -Infinity
            ],
            "test_match_nll": [
              Infinity,
              262.5747652053833,
              352.473801612854,
              333.42534732818604,
              344.1939706802368,
              339.01355934143066,
              -Infinity
            ],
            "test_frac_correct": [
              Infinity,
              -10.47999969124794,
              -9.96999979019165,
              -10.079999715089798,
              -9.87999975681305,
              -10.2499997317791,
              -Infinity
            ],
            "score": [
              Infinity,
              100,
              3.162,
              0.1,
              0.003,
              0,
              -Infinity
            ],
            "test_nll": [
              Infinity,
              277.72078037261963,
              349.62307357788086,
              341.0998868942261,
              344.269811630249,
              344.679235458374,
              -Infinity
            ],
            "test_logit_diff": [
              Infinity,
              -5.695217132568359,
              -3.732816457748413,
              -2.288724660873413,
              -1.9053462743759155,
              -3.170192174613476,
              -Infinity
            ],
            "fpr": [
              0.0,
              0.09230769230769231,
              0.7,
              0.8692307692307693,
              0.8846153846153846,
              0.8615384615384616,
              1.0
            ],
            "tpr": [
              0.0,
              0.5221238938053098,
              0.7389380530973452,
              0.8506637168141593,
              0.8451327433628318,
              0.8683628318584071,
              1.0
            ],
            "precision": [
              1.0,
              -69.0,
              -69.0,
              -69.0,
              -69.0,
              -69.0,
              0.0
            ],
            "n_edges": [
              NaN,
              484,
              759,
              882,
              879,
              897,
              NaN
            ]
          }
        }
      }
    }
  }
}