{
  "reset": {
    "zero_ablation": {
      "ioi": {
        "kl_div": {
          "SP": {
            "test_kl_div": [
              Infinity,
              109.65687799453735,
              110.13077116012572,
              113.2920699119568,
              114.71390438079834,
              113.49590015411376,
              -Infinity
            ],
            "test_logit_diff": [
              Infinity,
              -3.2508273124694824,
              -2.794529914855957,
              -2.087106227874756,
              -1.43416166305542,
              -2.8252573013305664,
              -Infinity
            ],
            "test_match_nll": [
              Infinity,
              140.04255437850952,
              145.1340708732605,
              141.22508239746094,
              140.47235345840454,
              143.95254564285278,
              -Infinity
            ],
            "test_nll": [
              Infinity,
              149.28866910934448,
              150.86176443099976,
              159.395827293396,
              156.6975908279419,
              152.7787094116211,
              -Infinity
            ],
            "score": [
              Infinity,
              31.623,
              4.217,
              0.562,
              0.075,
              0.01,
              -Infinity
            ],
            "test_frac_correct": [
              Infinity,
              -10.459999740123749,
              -10.649999618530272,
              -10.159999787807465,
              -10.449999749660492,
              -10.689999729394913,
              -Infinity
            ],
            "fpr": [
              0.0,
              0.0,
              0.0,
              0.0,
              0.0,
              0.0,
              1.0
            ],
            "tpr": [
              0.0,
              0.6115606936416185,
              0.7745664739884393,
              0.8624277456647399,
              0.8520231213872832,
              0.8497109826589595,
              1.0
            ],
            "precision": [
              1.0,
              -69.0,
              -69.0,
              -69.0,
              -69.0,
              -69.0,
              0.0
            ],
            "n_edges": [
              NaN,
              529,
              670,
              746,
              737,
              735,
              NaN
            ]
          }
        }
      }
    }
  }
}