{
  "reset": {
    "random_ablation": {
      "ioi": {
        "logit_diff": {
          "SP": {
            "test_kl_div": [
              Infinity,
              208.26479816436768,
              207.6342191696167,
              206.9849967956543,
              206.7242317199707,
              206.68723392486572,
              -Infinity
            ],
            "score": [
              Infinity,
              100,
              3.162,
              0.1,
              0.003,
              0,
              -Infinity
            ],
            "test_frac_correct": [
              Infinity,
              -10.59999942779541,
              -11.229999899864197,
              -10.889999628067017,
              -10.899999737739565,
              -10.93999981880188,
              -Infinity
            ],
            "test_nll": [
              Infinity,
              281.10966777801514,
              280.89519214630127,
              279.7926254272461,
              279.9147062301636,
              279.9098310470581,
              -Infinity
            ],
            "test_match_nll": [
              Infinity,
              270.81267070770264,
              270.4825220108032,
              269.7284126281738,
              269.53488636016846,
              269.4946041107178,
              -Infinity
            ],
            "test_logit_diff": [
              Infinity,
              -6.356537818908691,
              -7.180830478668213,
              -7.673449516296387,
              -7.91516637802124,
              -7.962074279785156,
              -Infinity
            ],
            "fpr": [
              0.0,
              0.0,
              0.0,
              0.0,
              0.0,
              0.0,
              1.0
            ],
            "tpr": [
              0.0,
              0.5017341040462427,
              0.6473988439306358,
              0.8046242774566474,
              0.8265895953757225,
              0.8242774566473988,
              1.0
            ],
            "precision": [
              1.0,
              -69.0,
              -69.0,
              -69.0,
              -69.0,
              -69.0,
              0.0
            ],
            "n_edges": [
              NaN,
              434,
              560,
              696,
              715,
              713,
              NaN
            ]
          }
        }
      }
    }
  }
}