{
  "trained": {
    "zero_ablation": {
      "tracr-reverse": {
        "kl_div": {
          "SP": {
            "test_kl_div": [
              Infinity,
              1.6001491649076345,
              1.427625186339796,
              1.2276860473977074,
              0.6640840847025729,
              0.8526264458433452,
              1.4404808364232622,
              0.9226236573848324,
              1.888325992573975,
              1.401844410542708,
              0.6285308516596473,
              0.8615513478544017,
              -Infinity
            ],
            "score": [
              Infinity,
              1,
              0.501,
              0.251,
              0.126,
              0.063,
              0.032,
              0.016,
              0.008,
              0.004,
              0.002,
              0.001,
              -Infinity
            ],
            "fpr": [
              0.0,
              0.391304347826087,
              0.391304347826087,
              0.391304347826087,
              0.391304347826087,
              0.391304347826087,
              0.391304347826087,
              0.391304347826087,
              0.391304347826087,
              0.391304347826087,
              0.391304347826087,
              0.391304347826087,
              1.0
            ],
            "tpr": [
              0.0,
              0.75,
              1.0,
              0.9375,
              1.0,
              1.0,
              1.0,
              1.0,
              1.0,
              0.8125,
              1.0,
              0.9375,
              1.0
            ],
            "precision": [
              1.0,
              -69.0,
              -69.0,
              -69.0,
              -69.0,
              -69.0,
              -69.0,
              -69.0,
              -69.0,
              -69.0,
              -69.0,
              -69.0,
              0.0
            ],
            "n_edges": [
              NaN,
              21,
              25,
              24,
              25,
              25,
              25,
              25,
              25,
              22,
              25,
              24,
              NaN
            ]
          }
        }
      }
    }
  }
}