{
  "reset": {
    "zero_ablation": {
      "tracr-proportion": {
        "l2": {
          "SP": {
            "test_l2": [
              Infinity,
              2.22222238779068,
              2.418518513441086,
              3.774074018001557,
              2.374074012041092,
              3.0370372533798218,
              3.374074101448059,
              2.8370368480682373,
              3.940740823745727,
              2.8555554151535034,
              3.7037038803100586,
              2.729629874229431,
              -Infinity
            ],
            "score": [
              Infinity,
              1,
              0.501,
              0.251,
              0.126,
              0.063,
              0.032,
              0.016,
              0.008,
              0.004,
              0.002,
              0.001,
              -Infinity
            ],
            "test_kl_div": [
              Infinity,
              0.18295519053936005,
              0.19301939755678177,
              0.313592292368412,
              0.18705176189541817,
              0.248652882874012,
              0.279780849814415,
              0.2395692840218544,
              0.3331884741783142,
              0.24689454585313797,
              0.3017490357160568,
              0.22300845012068748,
              -Infinity
            ],
            "fpr": [
              0.0,
              0.4,
              0.4,
              0.4,
              0.4,
              0.4,
              0.4,
              0.4,
              0.4,
              0.4,
              0.4,
              0.4,
              1.0
            ],
            "tpr": [
              0.0,
              0.6363636363636364,
              0.6363636363636364,
              0.6363636363636364,
              0.6363636363636364,
              0.6363636363636364,
              0.6363636363636364,
              0.6363636363636364,
              0.6363636363636364,
              0.6363636363636364,
              0.6363636363636364,
              0.6363636363636364,
              1.0
            ],
            "precision": [
              1.0,
              -69.0,
              -69.0,
              -69.0,
              -69.0,
              -69.0,
              -69.0,
              -69.0,
              -69.0,
              -69.0,
              -69.0,
              -69.0,
              0.0
            ],
            "n_edges": [
              NaN,
              11,
              11,
              11,
              11,
              11,
              11,
              11,
              11,
              11,
              11,
              11,
              NaN
            ]
          }
        }
      }
    }
  }
}