{
  "reset": {
    "random_ablation": {
      "tracr-proportion": {
        "kl_div": {
          "SP": {
            "test_l2": [
              Infinity,
              4.377778172492981,
              3.6407405138015743,
              4.525926113128662,
              2.970370352268219,
              3.2222220301628113,
              2.525925636291504,
              3.0407407879829407,
              4.0296295285224915,
              2.4259258806705475,
              3.5148146748542786,
              1.966666728258133,
              -Infinity
            ],
            "test_kl_div": [
              Infinity,
              0.3649331256747246,
              0.29677070677280426,
              0.3980671614408493,
              0.2403507195413113,
              0.2589205279946327,
              0.21265769377350807,
              0.25064364075660706,
              0.3344101086258888,
              0.2065565623342991,
              0.2967233583331108,
              0.15242504887282848,
              -Infinity
            ],
            "score": [
              Infinity,
              1,
              0.501,
              0.251,
              0.126,
              0.063,
              0.032,
              0.016,
              0.008,
              0.004,
              0.002,
              0.001,
              -Infinity
            ],
            "fpr": [
              0.0,
              0.4,
              0.4,
              0.4,
              0.4,
              0.4,
              0.4,
              0.4,
              0.4,
              0.4,
              0.4,
              0.4,
              1.0
            ],
            "tpr": [
              0.0,
              0.6363636363636364,
              0.6363636363636364,
              0.6363636363636364,
              0.6363636363636364,
              0.6363636363636364,
              0.6363636363636364,
              0.6363636363636364,
              0.6363636363636364,
              0.6363636363636364,
              0.6363636363636364,
              0.6363636363636364,
              1.0
            ],
            "precision": [
              1.0,
              -69.0,
              -69.0,
              -69.0,
              -69.0,
              -69.0,
              -69.0,
              -69.0,
              -69.0,
              -69.0,
              -69.0,
              -69.0,
              0.0
            ],
            "n_edges": [
              NaN,
              11,
              11,
              11,
              11,
              11,
              11,
              11,
              11,
              11,
              11,
              11,
              NaN
            ]
          }
        }
      }
    }
  }
}