{
  "reset": {
    "random_ablation": {
      "tracr-reverse": {
        "kl_div": {
          "SP": {
            "score": [
              Infinity,
              1,
              0.501,
              0.251,
              0.126,
              0.063,
              0.032,
              0.016,
              0.008,
              0.004,
              0.002,
              0.001,
              -Infinity
            ],
            "test_kl_div": [
              Infinity,
              1.8492655456066132,
              1.8492655456066132,
              1.8492655456066132,
              1.8492655456066132,
              1.8492655456066132,
              1.8492655456066132,
              1.8492655456066132,
              1.8492655456066132,
              1.8492655456066132,
              1.8492655456066132,
              1.8492655456066132,
              -Infinity
            ],
            "fpr": [
              0.0,
              0.391304347826087,
              0.391304347826087,
              0.391304347826087,
              0.391304347826087,
              0.391304347826087,
              0.391304347826087,
              0.391304347826087,
              0.391304347826087,
              0.391304347826087,
              0.391304347826087,
              0.391304347826087,
              1.0
            ],
            "tpr": [
              0.0,
              0.625,
              0.625,
              0.625,
              0.625,
              0.625,
              0.625,
              0.625,
              0.625,
              0.625,
              0.625,
              0.625,
              1.0
            ],
            "precision": [
              1.0,
              -69.0,
              -69.0,
              -69.0,
              -69.0,
              -69.0,
              -69.0,
              -69.0,
              -69.0,
              -69.0,
              -69.0,
              -69.0,
              0.0
            ],
            "n_edges": [
              NaN,
              19,
              19,
              19,
              19,
              19,
              19,
              19,
              19,
              19,
              19,
              19,
              NaN
            ]
          }
        }
      }
    }
  }
}