{
  "reset": {
    "zero_ablation": {
      "tracr-proportion": {
        "kl_div": {
          "SP": {
            "test_kl_div": [
              Infinity,
              0.2078159525990486,
              0.2423086017370224,
              0.2283816039562225,
              0.2962534874677658,
              0.31190047040581703,
              0.22269317880272865,
              0.2837815321981907,
              0.16676994040608406,
              0.247940830886364,
              0.2651868760585785,
              0.25655195116996765,
              -Infinity
            ],
            "test_l2": [
              Infinity,
              2.266666740179062,
              2.796296179294586,
              2.8148147463798523,
              3.588888943195343,
              3.614814877510071,
              2.622222006320954,
              3.411110937595367,
              1.8259258568286896,
              3.051851987838745,
              3.1481480598449707,
              3.1592589616775513,
              -Infinity
            ],
            "score": [
              Infinity,
              1,
              0.501,
              0.251,
              0.126,
              0.063,
              0.032,
              0.016,
              0.008,
              0.004,
              0.002,
              0.001,
              -Infinity
            ],
            "fpr": [
              0.0,
              0.4,
              0.4,
              0.4,
              0.4,
              0.4,
              0.4,
              0.4,
              0.4,
              0.4,
              0.4,
              0.4,
              1.0
            ],
            "tpr": [
              0.0,
              0.6363636363636364,
              0.6363636363636364,
              0.6363636363636364,
              0.6363636363636364,
              0.6363636363636364,
              0.6363636363636364,
              0.6363636363636364,
              0.6363636363636364,
              0.6363636363636364,
              0.6363636363636364,
              0.6363636363636364,
              1.0
            ],
            "precision": [
              1.0,
              -69.0,
              -69.0,
              -69.0,
              -69.0,
              -69.0,
              -69.0,
              -69.0,
              -69.0,
              -69.0,
              -69.0,
              -69.0,
              0.0
            ],
            "n_edges": [
              NaN,
              11,
              11,
              11,
              11,
              11,
              11,
              11,
              11,
              11,
              11,
              11,
              NaN
            ]
          }
        }
      }
    }
  }
}