{
    "Circuit Recovery (IOI)":{
       "ACDC":{
          "x": [0.0,
          0.0,
          0.06896551724137931,
          0.10179640718562874,
          0.15522388059701492,
          0.23688969258589512,
          1.0],
          "y":[0.0,
          0.005581395348837209,
          0.012558139534883722,
          0.023255813953488372,
          0.04387596899224806,
          0.06542635658914729,
          1.0]
       },
       "SP":{
          "x":[0.0,
          0.7265615946227837,
          0.7524642928988131,
          0.7846581357851041,
          0.7912804555084746,
          0.7938590778848659,
          0.8004875304706545,
          0.8054828698350879,
          1.0],
          "y":[0.0,
          0.7316279069767442,
          0.7631007751937985,
          0.9731782945736435,
          0.9775193798449613,
          0.9815503875968993,
          0.9897674418604652,
          0.9911627906976744,
          1.0]
       },
       "HISP":{
          "x":[
             
          ],
          "y":[
             
          ]
       }
    },
    "Tracr (Reverse)":{
       "ACDC":{
          "x":[
             0.0,
             0.0,
             1.0
          ],
          "y":[
             0.0,
             1.0,
             1.0
          ]
       },
       "SP":{
          "x":[
             
          ],
          "y":[
             
          ]
       },
       "HISP":{
          "x":[
             0.0,
             0.75,
             0.76,
             0.7941176470588235,
             1.0
          ],
          "y":[
             0.0,
             0.3333333333333333,
             0.4,
             0.4666666666666667,
             1.0
          ]
       }
    },
    "Tracr (Proportion)":{
       "ACDC":{
          "x":[
             0.0,
             0.0,
             1.0
          ],
          "y":[
             0.0,
             1.0,
             1.0
          ]
       },
       "SP":{
          "x":[
             
          ],
          "y":[
             
          ]
       },
       "HISP":{
          "x":[
             0.0, 0.8571428571428571, 1.0
          ],
          "y":[
             0.0, 0.2, 1.0
          ]
       }
    },
    "Docstring":{
       "ACDC":{
          "x":[0.0,
          0.0,
          0.0,
          0.0,
          0.15384615384615385,
          0.15384615384615385,
          0.28125,
          0.28125,
          0.4146341463414634,
          0.6527777777777778,
          1.0],
          "y":[0.0, 0.4, 0.4, 0.4, 0.44, 0.44, 0.92, 0.92, 0.96, 1.0, 1.0]
       },
       "SP":{
          "x":[0.0, 0.964824120603015, 1.0],
          "y":[
            0.0, 0.28, 1.0
          ]
       },
       "HISP":{
          "x":[
            0.0, 0.6666666666666666, 1.0
          ],
          "y":[0.0, 0.08, 1.0]
       }
    },
    "Greater Than":{
       "ACDC":{
          "x":[0.0,
          0.0,
          0.0,
          0.0,
          0.1875,
          0.2692307692307692,
          0.29310344827586204,
          0.3088235294117647,
          0.3194444444444444,
          0.358974358974359,
          0.4,
          0.4881889763779528,
          0.5072463768115942,
          0.5273972602739726,
          0.6153846153846154,
          0.6414141414141414,
          0.6711111111111111,
          0.6951219512195121,
          0.6984126984126984,
          1.0,
          1.0,
          1.0,
          1.0],
          "y":[0.0,
          0.0,
          0.0,
          0.0,
          0.16049382716049382,
          0.2345679012345679,
          0.25308641975308643,
          0.29012345679012347,
          0.30246913580246915,
          0.30864197530864196,
          0.35185185185185186,
          0.4012345679012346,
          0.41975308641975306,
          0.42592592592592593,
          0.43209876543209874,
          0.4382716049382716,
          0.4567901234567901,
          0.46296296296296297,
          0.4691358024691358,
          1.0,
          1.0,
          1.0,
          1.0]
       },
       "SP":{
          "x":[0.0,
          0.0,
          0.0,
          0.0,
          0.9744680851063829,
          0.9768760907504364,
          0.97847533632287,
          0.9859253227870187,
          0.9874137231019082,
          0.9895168282493891,
          0.9896640826873385,
          0.9899365122247737,
          0.9904595622622685,
          0.994127030162413,
          1.0],
          "y":[0.0,
          0.0,
          0.0,
          0.0,
          0.5555555555555556,
          0.654320987654321,
          0.7407407407407407,
          0.7469135802469136,
          0.7654320987654321,
          0.8209876543209876,
          0.8395061728395061,
          0.9197530864197531,
          0.9444444444444444,
          1.0,
          1.0]
       },
       "HISP":{
          "x":[0.0,
          0.0,
          0.6776859504132231,
          0.7152317880794702,
          0.8431372549019608,
          1.0,
          1.0],
          "y":[0.0,
          0.0,
          0.24074074074074073,
          0.2654320987654321,
          0.2962962962962963,
          1.0,
          1.0]
       }
    },
    "Tracr":{
       "ACDC":{
          "x":[
             0.0,
             0.0,
             1.0
          ],
          "y":[
             0.0,
             1.0,
             1.0
          ]
       },
       "SP":{
          "x":[
             0
          ],
          "y":[
             0
          ]
       },
       "HISP":{
          "x":[
             0,
             0.3333,
             1
          ],
          "y":[
             0,
             0.3333,
             1
          ]
       }
    }
 }