{
    "Circuit Recovery (IOI)":{
       "ACDC":{
          "x": [0.0,
          0.0,
          0.0,
          0.02564102564102564,
          0.046511627906976744,
          0.07407407407407407,
          0.4925373134328358,
          0.5162337662337663,
          0.521415270018622,
          1.0],
          "y":[0.0,
          0.002945736434108527,
          0.002945736434108527,
          0.005891472868217054,
          0.006356589147286822,
          0.007751937984496124,
          0.01581395348837209,
          0.02310077519379845,
          0.039844961240310076,
          1.0]
       },
       "SP":{
          "x":[0.0,
          0.7265615946227837,
          0.7524642928988131,
          0.7846581357851041,
          0.7912804555084746,
          0.7938590778848659,
          0.8004875304706545,
          0.8054828698350879,
          1.0],
          "y":[0.0,
          0.7316279069767442,
          0.7631007751937985,
          0.9731782945736435,
          0.9775193798449613,
          0.9815503875968993,
          0.9897674418604652,
          0.9911627906976744,
          1.0]
       },
       "HISP":{
          "x":[
             
          ],
          "y":[
             
          ]
       }
    },
    "Tracr (Reverse)":{
       "ACDC":{
          "x":[
             0.0,
             0.0,
             1.0
          ],
          "y":[
             0.0,
             1.0,
             1.0
          ]
       },
       "SP":{
          "x":[
             
          ],
          "y":[
             
          ]
       },
       "HISP":{
          "x":[
             0.0,
             0.75,
             0.76,
             0.7941176470588235,
             1.0
          ],
          "y":[
             0.0,
             0.3333333333333333,
             0.4,
             0.4666666666666667,
             1.0
          ]
       }
    },
    "Tracr (Proportion)":{
       "ACDC":{
          "x":[
             0.0,
             0.0,
             1.0
          ],
          "y":[
             0.0,
             1.0,
             1.0
          ]
       },
       "SP":{
          "x":[
             
          ],
          "y":[
             
          ]
       },
       "HISP":{
          "x":[
             0.0, 0.8571428571428571, 1.0
          ],
          "y":[
             0.0, 0.2, 1.0
          ]
       }
    },
    "Docstring":{
       "ACDC":{
          "x":[0.0,
          0.0,
          0.0,
          0.0,
          0.15384615384615385,
          0.15384615384615385,
          0.28125,
          0.28125,
          0.4146341463414634,
          0.6527777777777778,
          1.0],
          "y":[0.0, 0.4, 0.4, 0.4, 0.44, 0.44, 0.92, 0.92, 0.96, 1.0, 1.0]
       },
       "SP":{
          "x":[0.0, 0.964824120603015, 1.0],
          "y":[
            0.0, 0.28, 1.0
          ]
       },
       "HISP":{
          "x":[
            0.0, 0.6666666666666666, 1.0
          ],
          "y":[0.0, 0.08, 1.0]
       }
    },
    "Greater Than":{
       "ACDC":{
          "x":[
             
          ],
          "y":[
             
          ]
       },
       "SP":{
          "x":[
             
          ],
          "y":[
             
          ]
       },
       "HISP":{
          "x":[
             
          ],
          "y":[
             
          ]
       }
    },
    "Tracr":{
       "ACDC":{
          "x":[
             0.0,
             0.0,
             1.0
          ],
          "y":[
             0.0,
             1.0,
             1.0
          ]
       },
       "SP":{
          "x":[
             0
          ],
          "y":[
             0
          ]
       },
       "HISP":{
          "x":[
             0,
             0.3333,
             1
          ],
          "y":[
             0,
             0.3333,
             1
          ]
       }
    }
 }