{
  "trained": {
    "random_ablation": {
      "tracr-reverse": {
        "l2": {
          "16H": {
            "score": [
              -Infinity,
              0.0,
              0.0,
              0.0,
              0.0,
              0.0,
              0.0,
              0.0,
              0.0,
              0.0,
              0.0,
              0.0,
              0.0,
              0.0,
              0.0,
              0.0,
              0.0,
              0.0,
              Infinity
            ],
            "test_kl_div": [
              -Infinity,
              0,
              0,
              0,
              0,
              0,
              0,
              0,
              0,
              0,
              0,
              0,
              0,
              0,
              0,
              0,
              0.24278324842453003,
              0.24278324842453003,
              Infinity
            ],
            "test_l2": [
              -Infinity,
              0,
              0,
              0,
              0,
              0,
              0,
              0,
              0,
              0,
              0,
              0,
              0,
              0,
              0,
              0,
              0.5925918817520142,
              0.5925918817520142,
              Infinity
            ],
            "edge_fpr": [
              1.0,
              0.02197802197802198,
              0.967032967032967,
              0.7912087912087912,
              0.7802197802197802,
              0.6373626373626373,
              0.6043956043956044,
              0.46153846153846156,
              0.42857142857142855,
              0.34065934065934067,
              0.3076923076923077,
              0.2087912087912088,
              0.17582417582417584,
              0.10989010989010989,
              0.08791208791208792,
              0.06593406593406594,
              0.054945054945054944,
              0.02197802197802198,
              0.0
            ],
            "edge_tpr": [
              1.0,
              0.0,
              1.0,
              0.9333333333333333,
              0.8,
              0.6666666666666666,
              0.6666666666666666,
              0.6666666666666666,
              0.6666666666666666,
              0.4666666666666667,
              0.4666666666666667,
              0.4666666666666667,
              0.4666666666666667,
              0.4,
              0.3333333333333333,
              0.13333333333333333,
              0.0,
              0.0,
              0.0
            ],
            "edge_precision": [
              0.0,
              0.0,
              0.14563106796116504,
              0.16279069767441862,
              0.14457831325301204,
              0.14705882352941177,
              0.15384615384615385,
              0.19230769230769232,
              0.20408163265306123,
              0.18421052631578946,
              0.2,
              0.2692307692307692,
              0.30434782608695654,
              0.375,
              0.38461538461538464,
              0.25,
              0.0,
              0.0,
              1.0
            ],
            "n_edges": [
              NaN,
              2,
              103,
              86,
              83,
              68,
              65,
              52,
              49,
              38,
              35,
              26,
              23,
              16,
              13,
              8,
              5,
              2,
              NaN
            ],
            "node_fpr": [
              1.0,
              0.0,
              0.8947368421052632,
              0.7894736842105263,
              0.7894736842105263,
              0.7894736842105263,
              0.6842105263157895,
              0.5263157894736842,
              0.42105263157894735,
              0.42105263157894735,
              0.3157894736842105,
              0.15789473684210525,
              0.05263157894736842,
              0.05263157894736842,
              0.05263157894736842,
              0.05263157894736842,
              0.05263157894736842,
              0.0,
              0.0
            ],
            "node_tpr": [
              1.0,
              0.1875,
              1.0,
              0.9375,
              0.8125,
              0.75,
              0.75,
              0.75,
              0.75,
              0.6875,
              0.6875,
              0.6875,
              0.6875,
              0.625,
              0.5,
              0.3125,
              0.1875,
              0.1875,
              0.0
            ],
            "node_precision": [
              0.0,
              1.0,
              0.48484848484848486,
              0.5,
              0.4642857142857143,
              0.4444444444444444,
              0.48,
              0.5454545454545454,
              0.6,
              0.5789473684210527,
              0.6470588235294118,
              0.7857142857142857,
              0.9166666666666666,
              0.9090909090909091,
              0.8888888888888888,
              0.8333333333333334,
              0.75,
              1.0,
              1.0
            ],
            "n_nodes": [
              NaN,
              3,
              33,
              30,
              28,
              27,
              25,
              22,
              20,
              19,
              17,
              14,
              12,
              11,
              9,
              6,
              4,
              3,
              NaN
            ]
          }
        }
      }
    }
  }
}