{
  "trained": {
    "zero_ablation": {
      "tracr-reverse": {
        "l2": {
          "16H": {
            "test_l2": [
              -Infinity,
              0,
              0,
              0,
              0.4444436728954315,
              0.3333325982093811,
              0.3333325982093811,
              0.3333325982093811,
              0.3333325982093811,
              0.3333325982093811,
              0.3333325982093811,
              0.3333325982093811,
              0.3333325982093811,
              0.3333325982093811,
              0.22916637361049652,
              0.22916637361049652,
              0.33333295583724976,
              0.33333295583724976,
              Infinity
            ],
            "score": [
              -Infinity,
              0.0,
              0.0,
              0.0,
              0.0,
              0.0,
              0.0,
              0.0,
              0.0,
              0.0,
              0.0,
              0.0,
              0.0,
              0.0,
              0.0,
              0.0,
              0.0,
              0.0,
              Infinity
            ],
            "test_kl_div": [
              -Infinity,
              0,
              0,
              0,
              0.15268589556217194,
              0.09246327728033066,
              0.09246327728033066,
              0.09246327728033066,
              0.09246327728033066,
              0.09246327728033066,
              0.09246327728033066,
              0.09246327728033066,
              0.09246327728033066,
              0.09246327728033066,
              0.09246327728033066,
              0.09246327728033066,
              0.09246327728033066,
              0.09246327728033066,
              Infinity
            ],
            "edge_fpr": [
              1.0,
              1.0,
              0.967032967032967,
              0.9340659340659341,
              0.7802197802197802,
              0.6483516483516484,
              0.6153846153846154,
              0.5824175824175825,
              0.43956043956043955,
              0.3516483516483517,
              0.31868131868131866,
              0.2857142857142857,
              0.18681318681318682,
              0.14285714285714285,
              0.12087912087912088,
              0.10989010989010989,
              0.08791208791208792,
              0.07692307692307693,
              0.0
            ],
            "edge_tpr": [
              1.0,
              1.0,
              1.0,
              1.0,
              0.8,
              0.7333333333333333,
              0.7333333333333333,
              0.7333333333333333,
              0.7333333333333333,
              0.6666666666666666,
              0.6666666666666666,
              0.6666666666666666,
              0.6666666666666666,
              0.6,
              0.5333333333333333,
              0.4,
              0.2,
              0.2,
              0.0
            ],
            "edge_precision": [
              0.0,
              0.14150943396226415,
              0.14563106796116504,
              0.15,
              0.14457831325301204,
              0.15714285714285714,
              0.16417910447761194,
              0.171875,
              0.21568627450980393,
              0.23809523809523808,
              0.2564102564102564,
              0.2777777777777778,
              0.37037037037037035,
              0.4090909090909091,
              0.42105263157894735,
              0.375,
              0.2727272727272727,
              0.3,
              1.0
            ],
            "n_edges": [
              NaN,
              106,
              103,
              100,
              83,
              70,
              67,
              64,
              51,
              42,
              39,
              36,
              27,
              22,
              19,
              16,
              11,
              10,
              NaN
            ],
            "node_fpr": [
              1.0,
              1.0,
              0.8947368421052632,
              0.7894736842105263,
              0.7894736842105263,
              0.7894736842105263,
              0.6842105263157895,
              0.5789473684210527,
              0.42105263157894735,
              0.42105263157894735,
              0.3157894736842105,
              0.21052631578947367,
              0.05263157894736842,
              0.05263157894736842,
              0.05263157894736842,
              0.05263157894736842,
              0.05263157894736842,
              0.0,
              0.0
            ],
            "node_tpr": [
              1.0,
              1.0,
              1.0,
              1.0,
              0.8125,
              0.75,
              0.75,
              0.75,
              0.75,
              0.6875,
              0.6875,
              0.6875,
              0.6875,
              0.625,
              0.5,
              0.375,
              0.1875,
              0.1875,
              0.0
            ],
            "node_precision": [
              0.0,
              0.45714285714285713,
              0.48484848484848486,
              0.5161290322580645,
              0.4642857142857143,
              0.4444444444444444,
              0.48,
              0.5217391304347826,
              0.6,
              0.5789473684210527,
              0.6470588235294118,
              0.7333333333333333,
              0.9166666666666666,
              0.9090909090909091,
              0.8888888888888888,
              0.8571428571428571,
              0.75,
              1.0,
              1.0
            ],
            "n_nodes": [
              NaN,
              35,
              33,
              31,
              28,
              27,
              25,
              23,
              20,
              19,
              17,
              15,
              12,
              11,
              9,
              7,
              4,
              3,
              NaN
            ]
          }
        }
      }
    }
  }
}