{
  "trained": {
    "random_ablation": {
      "tracr-proportion": {
        "kl_div": {
          "16H": {
            "score": [
              -Infinity,
              0.0,
              1.0,
              2.0,
              2.0000012481829117,
              2.0000024963658234,
              2.0000024963658234,
              2.0000024963658234,
              2.0000024963658234,
              2.0000024963658234,
              Infinity
            ],
            "test_l2": [
              -Infinity,
              0,
              0.18981480598449707,
              0.18981480598449707,
              0.18981480598449707,
              0.14888888597488403,
              0.14888888597488403,
              0.14888888597488403,
              0.14888888597488403,
              0.14888888597488403,
              Infinity
            ],
            "test_kl_div": [
              -Infinity,
              0,
              0.016538601368665695,
              0.016538601368665695,
              0.016538601368665695,
              0.01174011267721653,
              0.01174011267721653,
              0.01174011267721653,
              0.01174011267721653,
              0.01174011267721653,
              Infinity
            ],
            "edge_fpr": [
              1.0,
              0.07142857142857142,
              0.7857142857142857,
              0.6785714285714286,
              0.6071428571428571,
              0.5714285714285714,
              0.4642857142857143,
              0.2857142857142857,
              0.17857142857142858,
              0.07142857142857142,
              0.0
            ],
            "edge_tpr": [
              1.0,
              0.0,
              0.8,
              0.7,
              0.3,
              0.0,
              0.0,
              0.0,
              0.0,
              0.0,
              0.0
            ],
            "edge_precision": [
              0.0,
              0.0,
              0.26666666666666666,
              0.2692307692307692,
              0.15,
              0.0,
              0.0,
              0.0,
              0.0,
              0.0,
              1.0
            ],
            "n_edges": [
              NaN,
              2,
              30,
              26,
              20,
              16,
              13,
              8,
              5,
              2,
              NaN
            ],
            "node_fpr": [
              1.0,
              0.0,
              1.0,
              1.0,
              1.0,
              1.0,
              0.75,
              0.375,
              0.125,
              0.0,
              0.0
            ],
            "node_tpr": [
              1.0,
              0.2727272727272727,
              0.9090909090909091,
              0.7272727272727273,
              0.45454545454545453,
              0.2727272727272727,
              0.2727272727272727,
              0.2727272727272727,
              0.2727272727272727,
              0.2727272727272727,
              0.0
            ],
            "node_precision": [
              0.0,
              1.0,
              0.5555555555555556,
              0.5,
              0.38461538461538464,
              0.2727272727272727,
              0.3333333333333333,
              0.5,
              0.75,
              1.0,
              1.0
            ],
            "n_nodes": [
              NaN,
              3,
              18,
              16,
              13,
              11,
              9,
              6,
              4,
              3,
              NaN
            ]
          }
        }
      }
    }
  }
}