{
  "trained": {
    "random_ablation": {
      "tracr-proportion": {
        "l2": {
          "16H": {
            "test_l2": [
              -Infinity,
              0,
              0,
              0,
              0,
              0.29240742325782776,
              0.29240742325782776,
              0.25,
              0.25,
              0.25,
              Infinity
            ],
            "test_kl_div": [
              -Infinity,
              0,
              0,
              0,
              0,
              0.02610796131193638,
              0.02610796131193638,
              0.019899124279618263,
              0.019899124279618263,
              0.019899124279618263,
              Infinity
            ],
            "score": [
              -Infinity,
              0.0,
              0.0,
              0.0,
              0.0,
              0.0,
              0.0,
              0.0,
              0.0,
              0.0,
              Infinity
            ],
            "edge_fpr": [
              1.0,
              0.07142857142857142,
              0.8928571428571429,
              0.5714285714285714,
              0.4642857142857143,
              0.2857142857142857,
              0.2857142857142857,
              0.25,
              0.17857142857142858,
              0.07142857142857142,
              0.0
            ],
            "edge_tpr": [
              1.0,
              0.0,
              1.0,
              1.0,
              1.0,
              0.8,
              0.5,
              0.1,
              0.0,
              0.0,
              0.0
            ],
            "edge_precision": [
              0.0,
              0.0,
              0.2857142857142857,
              0.38461538461538464,
              0.43478260869565216,
              0.5,
              0.38461538461538464,
              0.125,
              0.0,
              0.0,
              1.0
            ],
            "n_edges": [
              NaN,
              2,
              35,
              26,
              23,
              16,
              13,
              8,
              5,
              2,
              NaN
            ],
            "node_fpr": [
              1.0,
              0.0,
              0.75,
              0.375,
              0.125,
              0.125,
              0.125,
              0.125,
              0.125,
              0.0,
              0.0
            ],
            "node_tpr": [
              1.0,
              0.2727272727272727,
              1.0,
              1.0,
              1.0,
              0.9090909090909091,
              0.7272727272727273,
              0.45454545454545453,
              0.2727272727272727,
              0.2727272727272727,
              0.0
            ],
            "node_precision": [
              0.0,
              1.0,
              0.6470588235294118,
              0.7857142857142857,
              0.9166666666666666,
              0.9090909090909091,
              0.8888888888888888,
              0.8333333333333334,
              0.75,
              1.0,
              1.0
            ],
            "n_nodes": [
              NaN,
              3,
              17,
              14,
              12,
              11,
              9,
              6,
              4,
              3,
              NaN
            ]
          }
        }
      }
    }
  }
}