{
  "reset": {
    "zero_ablation": {
      "tracr-proportion": {
        "l2": {
          "16H": {
            "test_kl_div": [
              -Infinity,
              0.009101842530071735,
              0.009101842530071735,
              0.009101842530071735,
              0.009101842530071735,
              0.009101842530071735,
              0.009101842530071735,
              0.009101842530071735,
              0.009101842530071735,
              0.009101842530071735,
              Infinity
            ],
            "test_l2": [
              -Infinity,
              0.11296296119689941,
              0.11296296119689941,
              0.11296296119689941,
              0.11296296119689941,
              0.11296296119689941,
              0.11296296119689941,
              0.11296296119689941,
              0.11296296119689941,
              0.11296296119689941,
              Infinity
            ],
            "score": [
              -Infinity,
              0.0,
              0.0,
              0.0,
              0.0,
              0.0,
              0.0,
              0.0,
              0.0,
              0.0,
              Infinity
            ],
            "edge_fpr": [
              1.0,
              1.0,
              0.8928571428571429,
              0.7857142857142857,
              0.4642857142857143,
              0.32142857142857145,
              0.32142857142857145,
              0.32142857142857145,
              0.21428571428571427,
              0.17857142857142858,
              0.0
            ],
            "edge_tpr": [
              1.0,
              1.0,
              1.0,
              1.0,
              1.0,
              0.9,
              0.6,
              0.3,
              0.1,
              0.1,
              0.0
            ],
            "edge_precision": [
              0.0,
              0.2631578947368421,
              0.2857142857142857,
              0.3125,
              0.43478260869565216,
              0.5,
              0.4,
              0.25,
              0.14285714285714285,
              0.16666666666666666,
              1.0
            ],
            "n_edges": [
              NaN,
              38,
              35,
              32,
              23,
              18,
              15,
              12,
              7,
              6,
              NaN
            ],
            "node_fpr": [
              1.0,
              1.0,
              0.75,
              0.5,
              0.125,
              0.125,
              0.125,
              0.125,
              0.125,
              0.0,
              0.0
            ],
            "node_tpr": [
              1.0,
              1.0,
              1.0,
              1.0,
              1.0,
              0.9090909090909091,
              0.7272727272727273,
              0.5454545454545454,
              0.2727272727272727,
              0.2727272727272727,
              0.0
            ],
            "node_precision": [
              0.0,
              0.5789473684210527,
              0.6470588235294118,
              0.7333333333333333,
              0.9166666666666666,
              0.9090909090909091,
              0.8888888888888888,
              0.8571428571428571,
              0.75,
              1.0,
              1.0
            ],
            "n_nodes": [
              NaN,
              19,
              17,
              15,
              12,
              11,
              9,
              7,
              4,
              3,
              NaN
            ]
          }
        }
      }
    }
  }
}