{
  "reset": {
    "zero_ablation": {
      "tracr-proportion": {
        "kl_div": {
          "16H": {
            "test_l2": [
              -Infinity,
              0.1675925999879837,
              0.1675925999879837,
              0.1675925999879837,
              0.1675925999879837,
              0.1675925999879837,
              0.1675925999879837,
              0.1675925999879837,
              0.1675925999879837,
              0.1675925999879837,
              Infinity
            ],
            "score": [
              -Infinity,
              0.0,
              0.0,
              0.0,
              0.0,
              0.0,
              0.0,
              0.0,
              0.0,
              0.0,
              Infinity
            ],
            "test_kl_div": [
              -Infinity,
              0.014357107691466808,
              0.014357107691466808,
              0.014357107691466808,
              0.014357107691466808,
              0.014357107691466808,
              0.014357107691466808,
              0.014357107691466808,
              0.014357107691466808,
              0.014357107691466808,
              Infinity
            ],
            "fpr": [
              1.0,
              1.0,
              0.8928571428571429,
              0.7857142857142857,
              0.4642857142857143,
              0.2857142857142857,
              0.2857142857142857,
              0.2857142857142857,
              0.17857142857142858,
              0.07142857142857142,
              0.0
            ],
            "tpr": [
              1.0,
              1.0,
              1.0,
              1.0,
              1.0,
              0.8,
              0.5,
              0.2,
              0.0,
              0.0,
              0.0
            ],
            "precision": [
              0.0,
              0.2631578947368421,
              0.2857142857142857,
              0.3125,
              0.43478260869565216,
              0.5,
              0.38461538461538464,
              0.2,
              0.0,
              0.0,
              1.0
            ],
            "n_edges": [
              NaN,
              38,
              35,
              32,
              23,
              16,
              13,
              10,
              5,
              2,
              NaN
            ]
          }
        }
      }
    }
  }
}