{
  "reset": {
    "random_ablation": {
      "ioi": {
        "kl_div": {
          "ACDC": {
            "test_match_nll": [
              Infinity,
              13.540627479553223,
              13.373626708984375,
              13.373626708984375,
              13.362306594848633,
              13.275099754333496,
              -Infinity
            ],
            "test_nll": [
              Infinity,
              14.055498123168945,
              13.888498306274414,
              13.888498306274414,
              13.877177238464355,
              13.789970397949219,
              -Infinity
            ],
            "score": [
              Infinity,
              0.01,
              0.001,
              0.001,
              0.0001,
              0.0001,
              -Infinity
            ],
            "test_logit_diff": [
              Infinity,
              -0.31786394119262695,
              -0.28717803955078125,
              -0.28717803955078125,
              -0.37159299850463867,
              -0.37781715393066406,
              -Infinity
            ],
            "test_frac_correct": [
              Infinity,
              -0.5299999713897705,
              -0.5299999713897705,
              -0.5299999713897705,
              -0.5199999809265137,
              -0.5299999713897705,
              -Infinity
            ],
            "test_kl_div": [
              Infinity,
              10.413256645202637,
              10.27504825592041,
              10.27504825592041,
              10.276232719421387,
              10.207847595214844,
              -Infinity
            ],
            "fpr": [
              0.0,
              0.00015109734446417105,
              0.013485437993427265,
              0.013485437993427265,
              0.06701167226985985,
              0.12046235787406036,
              1.0
            ],
            "tpr": [
              0.0,
              0.0013953488372093023,
              0.0965891472868217,
              0.0965891472868217,
              0.8206201550387597,
              0.6868217054263566,
              1.0
            ],
            "precision": [
              1.0,
              0.6923076923076923,
              0.6357142857142857,
              0.6357142857142857,
              0.7489741049950474,
              0.5814411340070875,
              0.0
            ],
            "n_edges": [
              NaN,
              13,
              980,
              980,
              7067,
              7619,
              NaN
            ]
          }
        }
      }
    }
  }
}