{
  "trained": {
    "random_ablation": {
      "tracr-proportion": {
        "kl_div": {
          "ACDC": {
            "test_l2": [
              Infinity,
              0.16629630327224731,
              0.16629630327224731,
              0.16629630327224731,
              0.16629630327224731,
              0.16629630327224731,
              0.032592590898275375,
              0.032592590898275375,
              0.032592590898275375,
              0.032592590898275375,
              4.7882557441326334e-17,
              4.7882557441326334e-17,
              -Infinity
            ],
            "test_kl_div": [
              Infinity,
              0.012754452414810658,
              0.012754452414810658,
              0.012754452414810658,
              0.012754452414810658,
              0.012754452414810658,
              0.003410345409065485,
              0.003410345409065485,
              0.003410345409065485,
              0.003410345409065485,
              -6.007197517199359e-10,
              -6.007197517199359e-10,
              -Infinity
            ],
            "score": [
              Infinity,
              0.1,
              0.0631,
              0.03981,
              0.02512,
              0.01585,
              0.01,
              0.00631,
              0.00398,
              0.00251,
              0.00158,
              0.001,
              -Infinity
            ],
            "fpr": [
              0.0,
              0.03571428571428571,
              0.03571428571428571,
              0.03571428571428571,
              0.03571428571428571,
              0.03571428571428571,
              0.03571428571428571,
              0.03571428571428571,
              0.07142857142857142,
              0.07142857142857142,
              0.07142857142857142,
              0.07142857142857142,
              1.0
            ],
            "tpr": [
              0.0,
              0.0,
              0.0,
              0.0,
              0.0,
              0.0,
              0.4,
              0.5,
              0.5,
              0.5,
              0.6,
              0.6,
              1.0
            ],
            "precision": [
              1.0,
              0.0,
              0.0,
              0.0,
              0.0,
              0.0,
              0.8,
              0.8333333333333334,
              0.7142857142857143,
              0.7142857142857143,
              0.75,
              0.75,
              0.0
            ],
            "n_edges": [
              NaN,
              1,
              1,
              1,
              1,
              1,
              5,
              6,
              7,
              7,
              8,
              8,
              NaN
            ]
          }
        }
      }
    }
  }
}