{
  "reset": {
    "zero_ablation": {
      "ioi": {
        "logit_diff": {
          "ACDC": {
            "test_nll": [
              Infinity,
              21.17253303527832,
              20.60101318359375,
              16.039690017700195,
              15.02556037902832,
              15.360492706298828,
              -Infinity
            ],
            "test_frac_correct": [
              Infinity,
              -0.5,
              -0.5099999904632568,
              -0.5,
              -0.47999998927116394,
              -0.5299999713897705,
              -Infinity
            ],
            "test_kl_div": [
              Infinity,
              18.151958465576172,
              16.97075080871582,
              11.94315242767334,
              11.187000274658203,
              11.614344596862793,
              -Infinity
            ],
            "test_match_nll": [
              Infinity,
              20.657663345336914,
              20.08614158630371,
              15.524819374084473,
              14.510687828063965,
              14.845622062683105,
              -Infinity
            ],
            "test_logit_diff": [
              Infinity,
              0.5476343631744385,
              0.5115196704864502,
              -0.08597147464752197,
              0.03631901741027832,
              0.07103884220123291,
              -Infinity
            ],
            "score": [
              Infinity,
              0.1,
              0.01,
              0.001,
              0.001,
              0.0001,
              -Infinity
            ],
            "fpr": [
              0.0,
              0.0011710044195973256,
              0.03324141578211763,
              0.07180901295659729,
              0.1200468401767839,
              0.1736863974615646,
              1.0
            ],
            "tpr": [
              0.0,
              0.004651162790697674,
              0.09813953488372093,
              0.8082170542635659,
              0.7395348837209302,
              0.8288372093023256,
              1.0
            ],
            "precision": [
              1.0,
              0.4918032786885246,
              0.4183740912095175,
              0.7327804329491144,
              0.6001509813789633,
              0.5376106194690266,
              0.0
            ],
            "n_edges": [
              NaN,
              61,
              1513,
              7114,
              7948,
              9944,
              NaN
            ]
          }
        }
      }
    }
  }
}