{
  "reset": {
    "random_ablation": {
      "greaterthan": {
        "greaterthan": {
          "ACDC": {
            "test_greaterthan": [
              Infinity,
              3.7528457141888794e-06,
              3.7528457141888794e-06,
              3.7528457141888794e-06,
              3.7528457141888794e-06,
              3.7528457141888794e-06,
              -Infinity
            ],
            "steps": [
              Infinity,
              2728,
              2728,
              2728,
              2728,
              2728,
              -Infinity
            ],
            "test_kl_div": [
              Infinity,
              16.14000701904297,
              16.14000701904297,
              16.14000701904297,
              16.14000701904297,
              16.14000701904297,
              -Infinity
            ],
            "score": [
              Infinity,
              0.1,
              0.03162,
              0.01,
              0.00316,
              0.001,
              -Infinity
            ],
            "edge_fpr": [
              0.0,
              0.0,
              0.0,
              0.0,
              0.0,
              0.0,
              1.0
            ],
            "edge_tpr": [
              0.0,
              0.0,
              0.0,
              0.0,
              0.0,
              0.0,
              1.0
            ],
            "edge_precision": [
              1.0,
              1,
              1,
              1,
              1,
              1,
              0.0
            ],
            "n_edges": [
              NaN,
              0,
              0,
              0,
              0,
              0,
              NaN
            ],
            "node_fpr": [
              0.0,
              0.0,
              0.0,
              0.0,
              0.0,
              0.0,
              1.0
            ],
            "node_tpr": [
              0.0,
              0.0,
              0.0,
              0.0,
              0.0,
              0.0,
              1.0
            ],
            "node_precision": [
              1.0,
              1,
              1,
              1,
              1,
              1,
              0.0
            ],
            "n_nodes": [
              NaN,
              0,
              0,
              0,
              0,
              0,
              NaN
            ]
          }
        }
      }
    }
  }
}