{
  "trained": {
    "random_ablation": {
      "greaterthan": {
        "greaterthan": {
          "CANONICAL": {
            "test_kl_div": [
              Infinity,
              1.6600020913415392e-08,
              0.07818419486284256,
              2.0358293056488037,
              -Infinity
            ],
            "test_greaterthan": [
              Infinity,
              -0.8441364765167236,
              -0.7261132597923279,
              0.5644630193710327,
              -Infinity
            ],
            "score": [
              Infinity,
              1.0,
              0.5,
              0.0,
              -Infinity
            ],
            "edge_fpr": [
              0.0,
              1.0,
              0.0,
              0.0,
              1.0
            ],
            "edge_tpr": [
              0.0,
              1.0,
              1.0,
              0.0,
              1.0
            ],
            "edge_precision": [
              1.0,
              0.007957962518604015,
              1.0,
              1,
              0.0
            ],
            "n_edges": [
              NaN,
              32923,
              262,
              0,
              NaN
            ],
            "node_fpr": [
              0.0,
              1.0,
              0.0,
              0.0,
              1.0
            ],
            "node_tpr": [
              0.0,
              1.0,
              1.0,
              0.0,
              1.0
            ],
            "node_precision": [
              1.0,
              0.07534246575342465,
              1.0,
              1,
              0.0
            ],
            "n_nodes": [
              NaN,
              1022,
              77,
              0,
              NaN
            ]
          }
        }
      }
    }
  }
}