{
  "trained": {
    "zero_ablation": {
      "ioi": {
        "logit_diff": {
          "CANONICAL": {
            "test_nll": [
              Infinity,
              0.5148712396621704,
              19.482227325439453,
              17.347816467285156,
              -Infinity
            ],
            "score": [
              Infinity,
              1.0,
              0.5,
              0.0,
              -Infinity
            ],
            "test_kl_div": [
              Infinity,
              -2.0160079827746813e-08,
              14.718802452087402,
              13.083232879638672,
              -Infinity
            ],
            "test_match_nll": [
              Infinity,
              2.9854476224500104e-07,
              18.967355728149414,
              16.83294677734375,
              -Infinity
            ],
            "test_logit_diff": [
              Infinity,
              -4.1123504638671875,
              0.21494293212890625,
              0.030625641345977783,
              -Infinity
            ],
            "test_frac_correct": [
              Infinity,
              -1.0,
              -0.4099999964237213,
              -0.41999998688697815,
              -Infinity
            ],
            "edge_fpr": [
              0.0,
              1.0,
              0.0,
              0.0,
              1.0
            ],
            "edge_tpr": [
              0.0,
              1.0,
              1.0,
              0.0,
              1.0
            ],
            "edge_precision": [
              1.0,
              0.03161923275521672,
              1.0,
              1,
              0.0
            ],
            "n_edges": [
              NaN,
              32923,
              1041,
              0,
              NaN
            ],
            "node_fpr": [
              0.0,
              1.0,
              0.0,
              0.0,
              1.0
            ],
            "node_tpr": [
              0.0,
              1.0,
              1.0,
              0.0,
              1.0
            ],
            "node_precision": [
              1.0,
              0.1917808219178082,
              1.0,
              1,
              0.0
            ],
            "n_nodes": [
              NaN,
              1022,
              196,
              0,
              NaN
            ]
          }
        }
      }
    }
  }
}