{
  "reset": {
    "zero_ablation": {
      "greaterthan": {
        "greaterthan": {
          "CANONICAL": {
            "score": [
              Infinity,
              1.0,
              0.5,
              0.0,
              -Infinity
            ],
            "test_kl_div": [
              Infinity,
              16.261966705322266,
              12.224029541015625,
              15.661361694335938,
              -Infinity
            ],
            "test_greaterthan": [
              Infinity,
              3.695297891681548e-06,
              5.2621740906033665e-05,
              3.054685521419742e-06,
              -Infinity
            ],
            "edge_fpr": [
              0.0,
              1.0,
              0.0,
              0.0,
              1.0
            ],
            "edge_tpr": [
              0.0,
              1.0,
              1.0,
              0.0,
              1.0
            ],
            "edge_precision": [
              1.0,
              0.007957962518604015,
              1.0,
              1,
              0.0
            ],
            "n_edges": [
              NaN,
              32923,
              262,
              0,
              NaN
            ],
            "node_fpr": [
              0.0,
              1.0,
              0.0,
              0.0,
              1.0
            ],
            "node_tpr": [
              0.0,
              1.0,
              1.0,
              0.0,
              1.0
            ],
            "node_precision": [
              1.0,
              0.07534246575342465,
              1.0,
              1,
              0.0
            ],
            "n_nodes": [
              NaN,
              1022,
              77,
              0,
              NaN
            ]
          }
        }
      }
    }
  }
}