{
  "reset": {
    "random_ablation": {
      "greaterthan": {
        "greaterthan": {
          "CANONICAL": {
            "score": [
              Infinity,
              1.0,
              0.5,
              0.0,
              -Infinity
            ],
            "test_kl_div": [
              Infinity,
              16.26202964782715,
              16.131248474121094,
              16.139997482299805,
              -Infinity
            ],
            "test_greaterthan": [
              Infinity,
              3.6953354083379963e-06,
              3.7926999993942445e-06,
              3.7528745906456606e-06,
              -Infinity
            ],
            "edge_fpr": [
              0.0,
              1.0,
              0.0,
              0.0,
              1.0
            ],
            "edge_tpr": [
              0.0,
              1.0,
              1.0,
              0.0,
              1.0
            ],
            "edge_precision": [
              1.0,
              0.006530389089694135,
              1.0,
              1,
              0.0
            ],
            "n_edges": [
              NaN,
              32923,
              215,
              0,
              NaN
            ],
            "node_fpr": [
              0.0,
              1.0,
              0.0,
              0.0,
              1.0
            ],
            "node_tpr": [
              0.0,
              1.0,
              1.0,
              0.0,
              1.0
            ],
            "node_precision": [
              1.0,
              0.07142857142857142,
              1.0,
              1,
              0.0
            ],
            "n_nodes": [
              NaN,
              1022,
              73,
              0,
              NaN
            ]
          }
        }
      }
    }
  }
}