{
  "reset": {
    "zero_ablation": {
      "ioi": {
        "logit_diff": {
          "CANONICAL": {
            "test_match_nll": [
              Infinity,
              13.459294319152832,
              14.846097946166992,
              17.73978614807129,
              -Infinity
            ],
            "test_nll": [
              Infinity,
              13.974164962768555,
              15.360968589782715,
              18.254655838012695,
              -Infinity
            ],
            "test_frac_correct": [
              Infinity,
              -0.5099999904632568,
              -0.5199999809265137,
              -0.550000011920929,
              -Infinity
            ],
            "test_logit_diff": [
              Infinity,
              -0.2732367515563965,
              -0.05319404602050781,
              -0.2760798931121826,
              -Infinity
            ],
            "test_kl_div": [
              Infinity,
              10.326383590698242,
              11.469362258911133,
              14.168834686279297,
              -Infinity
            ],
            "score": [
              Infinity,
              1.0,
              0.5,
              0.0,
              -Infinity
            ],
            "edge_fpr": [
              0.0,
              1.0,
              0.0,
              0.0,
              1.0
            ],
            "edge_tpr": [
              0.0,
              1.0,
              1.0,
              0.0,
              1.0
            ],
            "edge_precision": [
              1.0,
              0.03161923275521672,
              1.0,
              1,
              0.0
            ],
            "n_edges": [
              NaN,
              32923,
              1041,
              0,
              NaN
            ],
            "node_fpr": [
              0.0,
              1.0,
              0.0,
              0.0,
              1.0
            ],
            "node_tpr": [
              0.0,
              1.0,
              1.0,
              0.0,
              1.0
            ],
            "node_precision": [
              1.0,
              0.1917808219178082,
              1.0,
              1,
              0.0
            ],
            "n_nodes": [
              NaN,
              1022,
              196,
              0,
              NaN
            ]
          }
        }
      }
    }
  }
}