{
  "trained": {
    "zero_ablation": {
      "docstring": {
        "docstring_metric": {
          "CANONICAL": {
            "score": [
              Infinity,
              1.0,
              0.5,
              0.0,
              -Infinity
            ],
            "test_kl_div": [
              Infinity,
              3.9080516600620285e-09,
              6.615032196044922,
              7.202237129211426,
              -Infinity
            ],
            "test_docstring_stefan": [
              Infinity,
              -0.6600000262260437,
              -0.03999999910593033,
              -0.019999999552965164,
              -Infinity
            ],
            "test_match_nll": [
              Infinity,
              2.7722119284590008e-06,
              8.2166109085083,
              8.934959411621094,
              -Infinity
            ],
            "test_nll": [
              Infinity,
              1.5616295337677002,
              9.778237342834473,
              10.496585845947266,
              -Infinity
            ],
            "test_docstring_metric": [
              Infinity,
              -0.8751513957977295,
              3.078817367553711,
              3.2335364818573,
              -Infinity
            ],
            "edge_fpr": [
              0.0,
              1.0,
              0.0,
              0.0,
              1.0
            ],
            "edge_tpr": [
              0.0,
              1.0,
              1.0,
              0.0,
              1.0
            ],
            "edge_precision": [
              1.0,
              0.026870007262164125,
              1.0,
              1,
              0.0
            ],
            "n_edges": [
              NaN,
              1377,
              37,
              0,
              NaN
            ],
            "node_fpr": [
              0.0,
              1.0,
              0.0,
              0.0,
              1.0
            ],
            "node_tpr": [
              0.0,
              1.0,
              1.0,
              0.0,
              1.0
            ],
            "node_precision": [
              1.0,
              0.1504424778761062,
              1.0,
              1,
              0.0
            ],
            "n_nodes": [
              NaN,
              226,
              34,
              0,
              NaN
            ]
          }
        }
      }
    }
  }
}