{
  "trained": {
    "random_ablation": {
      "greaterthan": {
        "greaterthan": {
          "CANONICAL": {
            "test_kl_div": [
              Infinity,
              -7.503840215861146e-09,
              0.08302627503871918,
              2.0358359813690186,
              -Infinity
            ],
            "test_greaterthan": [
              Infinity,
              -0.8441399335861206,
              -0.7108521461486816,
              0.5644655823707581,
              -Infinity
            ],
            "score": [
              Infinity,
              1.0,
              0.5,
              0.0,
              -Infinity
            ],
            "edge_fpr": [
              0.0,
              1.0,
              0.0,
              0.0,
              1.0
            ],
            "edge_tpr": [
              0.0,
              1.0,
              1.0,
              0.0,
              1.0
            ],
            "edge_precision": [
              1.0,
              0.006530389089694135,
              1.0,
              1,
              0.0
            ],
            "n_edges": [
              NaN,
              32923,
              215,
              0,
              NaN
            ],
            "node_fpr": [
              0.0,
              1.0,
              0.0,
              0.0,
              1.0
            ],
            "node_tpr": [
              0.0,
              1.0,
              1.0,
              0.0,
              1.0
            ],
            "node_precision": [
              1.0,
              0.07142857142857142,
              1.0,
              1,
              0.0
            ],
            "n_nodes": [
              NaN,
              1022,
              73,
              0,
              NaN
            ]
          }
        }
      }
    }
  }
}