{
  "trained": {
    "random_ablation": {
      "docstring": {
        "docstring_metric": {
          "CANONICAL": {
            "score": [
              Infinity,
              1.0,
              0.5,
              0.0,
              -Infinity
            ],
            "test_match_nll": [
              Infinity,
              -5.251169454822957e-07,
              2.247161626815796,
              5.756036758422852,
              -Infinity
            ],
            "test_kl_div": [
              Infinity,
              7.514321609392027e-09,
              1.1492125988006592,
              3.2467010021209717,
              -Infinity
            ],
            "test_nll": [
              Infinity,
              1.5616260766983032,
              3.8087880611419678,
              7.317663192749023,
              -Infinity
            ],
            "test_docstring_metric": [
              Infinity,
              -0.8751563429832458,
              1.5604537725448608,
              5.734003067016602,
              -Infinity
            ],
            "test_docstring_stefan": [
              Infinity,
              -0.6600000262260437,
              -0.23999999463558197,
              0.0,
              -Infinity
            ],
            "edge_fpr": [
              0.0,
              1.0,
              0.0,
              0.0,
              1.0
            ],
            "edge_tpr": [
              0.0,
              1.0,
              1.0,
              0.0,
              1.0
            ],
            "edge_precision": [
              1.0,
              0.026870007262164125,
              1.0,
              1,
              0.0
            ],
            "n_edges": [
              NaN,
              1377,
              37,
              0,
              NaN
            ],
            "node_fpr": [
              0.0,
              1.0,
              0.0,
              0.0,
              1.0
            ],
            "node_tpr": [
              0.0,
              1.0,
              1.0,
              0.0,
              1.0
            ],
            "node_precision": [
              1.0,
              0.1504424778761062,
              1.0,
              1,
              0.0
            ],
            "n_nodes": [
              NaN,
              226,
              34,
              0,
              NaN
            ]
          }
        }
      }
    }
  }
}