{
  "trained": {
    "random_ablation": {
      "docstring": {
        "docstring_metric": {
          "CANONICAL": {
            "test_match_nll": [
              Infinity,
              2.9599666504509514e-06,
              2.2471606731414795,
              5.756033420562744,
              -Infinity
            ],
            "score": [
              Infinity,
              1.0,
              0.5,
              0.0,
              -Infinity
            ],
            "test_nll": [
              Infinity,
              1.5616459846496582,
              3.8088040351867676,
              7.317676067352295,
              -Infinity
            ],
            "test_docstring_metric": [
              Infinity,
              -0.8751469254493713,
              1.560455560684204,
              5.734000205993652,
              -Infinity
            ],
            "test_kl_div": [
              Infinity,
              -1.5366437011721246e-08,
              1.149194598197937,
              3.246649742126465,
              -Infinity
            ],
            "test_docstring_stefan": [
              Infinity,
              -0.6599999666213989,
              -0.23999999463558197,
              0.0,
              -Infinity
            ],
            "edge_fpr": [
              0.0,
              1.0,
              0.0,
              0.0,
              1.0
            ],
            "edge_tpr": [
              0.0,
              1.0,
              1.0,
              0.0,
              1.0
            ],
            "edge_precision": [
              1.0,
              0.026870007262164125,
              1.0,
              1,
              0.0
            ],
            "n_edges": [
              NaN,
              1377,
              37,
              0,
              NaN
            ],
            "node_fpr": [
              0.0,
              1.0,
              0.0,
              0.0,
              1.0
            ],
            "node_tpr": [
              0.0,
              1.0,
              1.0,
              0.0,
              1.0
            ],
            "node_precision": [
              1.0,
              0.1504424778761062,
              1.0,
              1,
              0.0
            ],
            "n_nodes": [
              NaN,
              226,
              34,
              0,
              NaN
            ]
          }
        }
      }
    }
  }
}