{
  "reset": {
    "random_ablation": {
      "docstring": {
        "docstring_metric": {
          "CANONICAL": {
            "test_kl_div": [
              Infinity,
              9.219706535339355,
              9.177202224731445,
              9.179398536682129,
              -Infinity
            ],
            "test_match_nll": [
              Infinity,
              10.681447982788086,
              10.648798942565918,
              10.654132843017578,
              -Infinity
            ],
            "test_docstring_stefan": [
              Infinity,
              -0.03999999910593033,
              -0.03999999910593033,
              -0.03999999910593033,
              -Infinity
            ],
            "score": [
              Infinity,
              1.0,
              0.5,
              0.0,
              -Infinity
            ],
            "test_docstring_metric": [
              Infinity,
              3.732832670211792,
              3.723722219467163,
              3.7272253036499023,
              -Infinity
            ],
            "test_nll": [
              Infinity,
              12.24309253692627,
              12.210441589355469,
              12.215778350830078,
              -Infinity
            ],
            "edge_fpr": [
              0.0,
              1.0,
              0.0,
              0.0,
              1.0
            ],
            "edge_tpr": [
              0.0,
              1.0,
              1.0,
              0.0,
              1.0
            ],
            "edge_precision": [
              1.0,
              0.026870007262164125,
              1.0,
              1,
              0.0
            ],
            "n_edges": [
              NaN,
              1377,
              37,
              0,
              NaN
            ],
            "node_fpr": [
              0.0,
              1.0,
              0.0,
              0.0,
              1.0
            ],
            "node_tpr": [
              0.0,
              1.0,
              1.0,
              0.0,
              1.0
            ],
            "node_precision": [
              1.0,
              0.1504424778761062,
              1.0,
              1,
              0.0
            ],
            "n_nodes": [
              NaN,
              226,
              34,
              0,
              NaN
            ]
          }
        }
      }
    }
  }
}