{
  "trained": {
    "zero_ablation": {
      "docstring": {
        "docstring_metric": {
          "CANONICAL": {
            "score": [
              Infinity,
              1.0,
              0.5,
              0.0,
              -Infinity
            ],
            "test_docstring_stefan": [
              Infinity,
              -0.6599999666213989,
              -0.03999999910593033,
              -0.019999999552965164,
              -Infinity
            ],
            "test_nll": [
              Infinity,
              1.5616390705108643,
              9.778244972229004,
              10.496590614318848,
              -Infinity
            ],
            "test_docstring_metric": [
              Infinity,
              -0.8751583695411682,
              3.078819751739502,
              3.2335381507873535,
              -Infinity
            ],
            "test_kl_div": [
              Infinity,
              -8.329357203962218e-10,
              6.614927768707275,
              7.202120780944824,
              -Infinity
            ],
            "test_match_nll": [
              Infinity,
              -3.944337095163064e-06,
              8.216602325439453,
              8.93494701385498,
              -Infinity
            ],
            "edge_fpr": [
              0.0,
              1.0,
              0.0,
              0.0,
              1.0
            ],
            "edge_tpr": [
              0.0,
              1.0,
              1.0,
              0.0,
              1.0
            ],
            "edge_precision": [
              1.0,
              0.026870007262164125,
              1.0,
              1,
              0.0
            ],
            "n_edges": [
              NaN,
              1377,
              37,
              0,
              NaN
            ],
            "node_fpr": [
              0.0,
              1.0,
              0.0,
              0.0,
              1.0
            ],
            "node_tpr": [
              0.0,
              1.0,
              1.0,
              0.0,
              1.0
            ],
            "node_precision": [
              1.0,
              0.1504424778761062,
              1.0,
              1,
              0.0
            ],
            "n_nodes": [
              NaN,
              226,
              34,
              0,
              NaN
            ]
          }
        }
      }
    }
  }
}