{
  "trained": {
    "random_ablation": {
      "tracr-proportion": {
        "l2": {
          "CANONICAL": {
            "test_l2": [
              Infinity,
              0.034074075520038605,
              0.034074075520038605,
              0.17444445192813873,
              -Infinity
            ],
            "score": [
              Infinity,
              1.0,
              0.5,
              0.0,
              -Infinity
            ],
            "test_kl_div": [
              Infinity,
              0.16910363733768463,
              0.004418146796524525,
              0.014355804771184921,
              -Infinity
            ],
            "edge_fpr": [
              0.0,
              1.0,
              0.0,
              0.0,
              1.0
            ],
            "edge_tpr": [
              0.0,
              1.0,
              1.0,
              0.0,
              1.0
            ],
            "edge_precision": [
              1.0,
              0.2631578947368421,
              1.0,
              1,
              0.0
            ],
            "n_edges": [
              NaN,
              38,
              10,
              0,
              NaN
            ],
            "node_fpr": [
              0.0,
              1.0,
              0.0,
              0.0,
              1.0
            ],
            "node_tpr": [
              0.0,
              1.0,
              1.0,
              0.0,
              1.0
            ],
            "node_precision": [
              1.0,
              0.5789473684210527,
              1.0,
              1,
              0.0
            ],
            "n_nodes": [
              NaN,
              19,
              11,
              0,
              NaN
            ]
          }
        }
      }
    }
  }
}