{
  "reset": {
    "random_ablation": {
      "ioi": {
        "logit_diff": {
          "CANONICAL": {
            "test_logit_diff": [
              Infinity,
              -0.2732372283935547,
              -0.3299837112426758,
              -0.31786441802978516,
              -Infinity
            ],
            "test_nll": [
              Infinity,
              13.974164962768555,
              13.997504234313965,
              14.055498123168945,
              -Infinity
            ],
            "test_match_nll": [
              Infinity,
              13.459294319152832,
              13.482633590698242,
              13.540627479553223,
              -Infinity
            ],
            "test_frac_correct": [
              Infinity,
              -0.5099999904632568,
              -0.5399999618530273,
              -0.5299999713897705,
              -Infinity
            ],
            "score": [
              Infinity,
              1.0,
              0.5,
              0.0,
              -Infinity
            ],
            "test_kl_div": [
              Infinity,
              10.326383590698242,
              10.35886001586914,
              10.413259506225586,
              -Infinity
            ],
            "edge_fpr": [
              0.0,
              1.0,
              0.0,
              0.0,
              1.0
            ],
            "edge_tpr": [
              0.0,
              1.0,
              1.0,
              0.0,
              1.0
            ],
            "edge_precision": [
              1.0,
              0.03161923275521672,
              1.0,
              1,
              0.0
            ],
            "n_edges": [
              NaN,
              32923,
              1041,
              0,
              NaN
            ],
            "node_fpr": [
              0.0,
              1.0,
              0.0,
              0.0,
              1.0
            ],
            "node_tpr": [
              0.0,
              1.0,
              1.0,
              0.0,
              1.0
            ],
            "node_precision": [
              1.0,
              0.1917808219178082,
              1.0,
              1,
              0.0
            ],
            "n_nodes": [
              NaN,
              1022,
              196,
              0,
              NaN
            ]
          }
        }
      }
    }
  }
}