{
  "trained": {
    "random_ablation": {
      "ioi": {
        "logit_diff": {
          "CANONICAL": {
            "test_kl_div": [
              Infinity,
              -1.1176011227576055e-08,
              0.44286713004112244,
              4.759255409240723,
              -Infinity
            ],
            "test_logit_diff": [
              Infinity,
              -4.112348556518555,
              -3.249213218688965,
              -0.015997886657714844,
              -Infinity
            ],
            "score": [
              Infinity,
              1.0,
              0.5,
              0.0,
              -Infinity
            ],
            "test_frac_correct": [
              Infinity,
              -1.0,
              -0.8999999761581421,
              -0.550000011920929,
              -Infinity
            ],
            "test_match_nll": [
              Infinity,
              -2.6695428800849186e-07,
              0.6271900534629822,
              7.258643627166748,
              -Infinity
            ],
            "test_nll": [
              Infinity,
              0.5148706436157227,
              1.1420611143112183,
              7.773514270782471,
              -Infinity
            ],
            "edge_fpr": [
              0.0,
              1.0,
              0.0,
              0.0,
              1.0
            ],
            "edge_tpr": [
              0.0,
              1.0,
              1.0,
              0.0,
              1.0
            ],
            "edge_precision": [
              1.0,
              0.03161923275521672,
              1.0,
              1,
              0.0
            ],
            "n_edges": [
              NaN,
              32923,
              1041,
              0,
              NaN
            ],
            "node_fpr": [
              0.0,
              1.0,
              0.0,
              0.0,
              1.0
            ],
            "node_tpr": [
              0.0,
              1.0,
              1.0,
              0.0,
              1.0
            ],
            "node_precision": [
              1.0,
              0.1917808219178082,
              1.0,
              1,
              0.0
            ],
            "n_nodes": [
              NaN,
              1022,
              196,
              0,
              NaN
            ]
          }
        }
      }
    }
  }
}