{
  "reset": {
    "random_ablation": {
      "docstring": {
        "docstring_metric": {
          "CANONICAL": {
            "test_docstring_stefan": [
              Infinity,
              -0.03999999910593033,
              -0.03999999910593033,
              -0.03999999910593033,
              -Infinity
            ],
            "test_match_nll": [
              Infinity,
              10.681447982788086,
              10.648636817932129,
              10.654134750366211,
              -Infinity
            ],
            "test_kl_div": [
              Infinity,
              9.219840049743652,
              9.177226066589355,
              9.17953109741211,
              -Infinity
            ],
            "test_docstring_metric": [
              Infinity,
              3.7328314781188965,
              3.7238497734069824,
              3.7272255420684814,
              -Infinity
            ],
            "score": [
              Infinity,
              1.0,
              0.5,
              0.0,
              -Infinity
            ],
            "test_nll": [
              Infinity,
              12.24307632446289,
              12.21026611328125,
              12.215764045715332,
              -Infinity
            ],
            "edge_fpr": [
              0.0,
              1.0,
              0.0,
              0.0,
              1.0
            ],
            "edge_tpr": [
              0.0,
              1.0,
              1.0,
              0.0,
              1.0
            ],
            "edge_precision": [
              1.0,
              0.01815541031227306,
              1.0,
              1,
              0.0
            ],
            "n_edges": [
              NaN,
              1377,
              25,
              0,
              NaN
            ],
            "node_fpr": [
              0.0,
              1.0,
              0.0,
              0.0,
              1.0
            ],
            "node_tpr": [
              0.0,
              1.0,
              1.0,
              0.0,
              1.0
            ],
            "node_precision": [
              1.0,
              0.11946902654867257,
              1.0,
              1,
              0.0
            ],
            "n_nodes": [
              NaN,
              226,
              27,
              0,
              NaN
            ]
          }
        }
      }
    }
  }
}