{
  "trained": {
    "random_ablation": {
      "docstring": {
        "docstring_metric": {
          "CANONICAL": {
            "test_nll": [
              Infinity,
              1.5616439580917358,
              3.808805465698242,
              7.317677021026611,
              -Infinity
            ],
            "test_kl_div": [
              Infinity,
              -9.824412394721094e-09,
              1.1491944789886475,
              3.2466509342193604,
              -Infinity
            ],
            "test_match_nll": [
              Infinity,
              -1.6778706424247503e-07,
              2.247161626815796,
              5.756032466888428,
              -Infinity
            ],
            "test_docstring_stefan": [
              Infinity,
              -0.6599999666213989,
              -0.23999999463558197,
              0.0,
              -Infinity
            ],
            "score": [
              Infinity,
              1.0,
              0.5,
              0.0,
              -Infinity
            ],
            "test_docstring_metric": [
              Infinity,
              -0.8751534819602966,
              1.5604561567306519,
              5.734002590179443,
              -Infinity
            ],
            "edge_fpr": [
              0.0,
              1.0,
              0.0,
              0.0,
              1.0
            ],
            "edge_tpr": [
              0.0,
              1.0,
              1.0,
              0.0,
              1.0
            ],
            "edge_precision": [
              1.0,
              0.026870007262164125,
              1.0,
              1,
              0.0
            ],
            "n_edges": [
              NaN,
              1377,
              37,
              0,
              NaN
            ],
            "node_fpr": [
              0.0,
              1.0,
              0.0,
              0.0,
              1.0
            ],
            "node_tpr": [
              0.0,
              1.0,
              1.0,
              0.0,
              1.0
            ],
            "node_precision": [
              1.0,
              0.1504424778761062,
              1.0,
              1,
              0.0
            ],
            "n_nodes": [
              NaN,
              226,
              34,
              0,
              NaN
            ]
          }
        }
      }
    }
  }
}