{
  "trained": {
    "random_ablation": {
      "docstring": {
        "docstring_metric": {
          "CANONICAL": {
            "test_match_nll": [
              Infinity,
              8.416175774073054e-07,
              3.615280866622925,
              5.7560343742370605,
              -Infinity
            ],
            "test_kl_div": [
              Infinity,
              1.0706274089500312e-08,
              1.8301522731781006,
              3.246701240539551,
              -Infinity
            ],
            "test_nll": [
              Infinity,
              1.5616298913955688,
              5.176909923553467,
              7.317663192749023,
              -Infinity
            ],
            "test_docstring_metric": [
              Infinity,
              -0.8751521110534668,
              3.4303476810455322,
              5.734001636505127,
              -Infinity
            ],
            "score": [
              Infinity,
              1.0,
              0.5,
              0.0,
              -Infinity
            ],
            "test_docstring_stefan": [
              Infinity,
              -0.6600000262260437,
              -0.05999999865889549,
              0.0,
              -Infinity
            ],
            "edge_fpr": [
              0.0,
              1.0,
              0.0,
              0.0,
              1.0
            ],
            "edge_tpr": [
              0.0,
              1.0,
              1.0,
              0.0,
              1.0
            ],
            "edge_precision": [
              1.0,
              0.01815541031227306,
              1.0,
              1,
              0.0
            ],
            "n_edges": [
              NaN,
              1377,
              25,
              0,
              NaN
            ],
            "node_fpr": [
              0.0,
              1.0,
              0.0,
              0.0,
              1.0
            ],
            "node_tpr": [
              0.0,
              1.0,
              1.0,
              0.0,
              1.0
            ],
            "node_precision": [
              1.0,
              0.11946902654867257,
              1.0,
              1,
              0.0
            ],
            "n_nodes": [
              NaN,
              226,
              27,
              0,
              NaN
            ]
          }
        }
      }
    }
  }
}