{
  "reset": {
    "zero_ablation": {
      "docstring": {
        "docstring_metric": {
          "CANONICAL": {
            "test_kl_div": [
              Infinity,
              9.219706535339355,
              8.713408470153809,
              8.69537353515625,
              -Infinity
            ],
            "score": [
              Infinity,
              1.0,
              0.5,
              0.0,
              -Infinity
            ],
            "test_nll": [
              Infinity,
              12.243091583251953,
              11.71043586730957,
              11.691752433776855,
              -Infinity
            ],
            "test_match_nll": [
              Infinity,
              10.681448936462402,
              10.148792266845703,
              10.130108833312988,
              -Infinity
            ],
            "test_docstring_stefan": [
              Infinity,
              -0.03999999910593033,
              -0.05999999865889549,
              -0.05999999865889549,
              -Infinity
            ],
            "test_docstring_metric": [
              Infinity,
              3.732832670211792,
              4.32663631439209,
              4.311639785766602,
              -Infinity
            ],
            "edge_fpr": [
              0.0,
              1.0,
              0.0,
              0.0,
              1.0
            ],
            "edge_tpr": [
              0.0,
              1.0,
              1.0,
              0.0,
              1.0
            ],
            "edge_precision": [
              1.0,
              0.026870007262164125,
              1.0,
              1,
              0.0
            ],
            "n_edges": [
              NaN,
              1377,
              37,
              0,
              NaN
            ],
            "node_fpr": [
              0.0,
              1.0,
              0.0,
              0.0,
              1.0
            ],
            "node_tpr": [
              0.0,
              1.0,
              1.0,
              0.0,
              1.0
            ],
            "node_precision": [
              1.0,
              0.1504424778761062,
              1.0,
              1,
              0.0
            ],
            "n_nodes": [
              NaN,
              226,
              34,
              0,
              NaN
            ]
          }
        }
      }
    }
  }
}