{
  "trained": {
    "random_ablation": {
      "tracr-reverse": {
        "l2": {
          "CANONICAL": {
            "test_l2": [
              Infinity,
              1.1842378477584098e-13,
              1.1842378477584098e-13,
              0.5185179114341736,
              -Infinity
            ],
            "score": [
              Infinity,
              1.0,
              0.5,
              0.0,
              -Infinity
            ],
            "test_kl_div": [
              Infinity,
              5.3111687492446435e-08,
              5.3111687492446435e-08,
              0.21243534982204437,
              -Infinity
            ],
            "edge_fpr": [
              0.0,
              1.0,
              0.0,
              0.0,
              1.0
            ],
            "edge_tpr": [
              0.0,
              1.0,
              1.0,
              0.0,
              1.0
            ],
            "edge_precision": [
              1.0,
              0.14150943396226415,
              1.0,
              1,
              0.0
            ],
            "n_edges": [
              NaN,
              106,
              15,
              0,
              NaN
            ],
            "node_fpr": [
              0.0,
              1.0,
              0.0,
              0.0,
              1.0
            ],
            "node_tpr": [
              0.0,
              1.0,
              1.0,
              0.0,
              1.0
            ],
            "node_precision": [
              1.0,
              0.45714285714285713,
              1.0,
              1,
              0.0
            ],
            "n_nodes": [
              NaN,
              35,
              16,
              0,
              NaN
            ]
          }
        }
      }
    }
  }
}