{
  "trained": {
    "random_ablation": {
      "greaterthan": {
        "greaterthan": {
          "CANONICAL": {
            "test_greaterthan": [
              Infinity,
              -0.844136655330658,
              -0.7261133193969727,
              0.5644629597663879,
              -Infinity
            ],
            "test_kl_div": [
              Infinity,
              -2.5520071389451005e-08,
              0.07818412780761719,
              2.035829782485962,
              -Infinity
            ],
            "score": [
              Infinity,
              1.0,
              0.5,
              0.0,
              -Infinity
            ],
            "edge_fpr": [
              0.0,
              1.0,
              0.0,
              0.0,
              1.0
            ],
            "edge_tpr": [
              0.0,
              1.0,
              1.0,
              0.0,
              1.0
            ],
            "edge_precision": [
              1.0,
              0.007957962518604015,
              1.0,
              1,
              0.0
            ],
            "n_edges": [
              NaN,
              32923,
              262,
              0,
              NaN
            ],
            "node_fpr": [
              0.0,
              1.0,
              0.0,
              0.0,
              1.0
            ],
            "node_tpr": [
              0.0,
              1.0,
              1.0,
              0.0,
              1.0
            ],
            "node_precision": [
              1.0,
              0.07534246575342465,
              1.0,
              1,
              0.0
            ],
            "n_nodes": [
              NaN,
              1022,
              77,
              0,
              NaN
            ]
          }
        }
      }
    }
  }
}