{
  "reset": {
    "zero_ablation": {
      "docstring": {
        "docstring_metric": {
          "CANONICAL": {
            "test_docstring_metric": [
              Infinity,
              3.7328319549560547,
              4.323874473571777,
              4.31164026260376,
              -Infinity
            ],
            "test_match_nll": [
              Infinity,
              10.681447982788086,
              10.144859313964844,
              10.130107879638672,
              -Infinity
            ],
            "score": [
              Infinity,
              1.0,
              0.5,
              0.0,
              -Infinity
            ],
            "test_docstring_stefan": [
              Infinity,
              -0.03999999910593033,
              -0.05999999865889549,
              -0.05999999865889549,
              -Infinity
            ],
            "test_kl_div": [
              Infinity,
              9.219839096069336,
              8.710221290588379,
              8.6954984664917,
              -Infinity
            ],
            "test_nll": [
              Infinity,
              12.24307632446289,
              11.706487655639648,
              11.69173812866211,
              -Infinity
            ],
            "edge_fpr": [
              0.0,
              1.0,
              0.0,
              0.0,
              1.0
            ],
            "edge_tpr": [
              0.0,
              1.0,
              1.0,
              0.0,
              1.0
            ],
            "edge_precision": [
              1.0,
              0.01815541031227306,
              1.0,
              1,
              0.0
            ],
            "n_edges": [
              NaN,
              1377,
              25,
              0,
              NaN
            ],
            "node_fpr": [
              0.0,
              1.0,
              0.0,
              0.0,
              1.0
            ],
            "node_tpr": [
              0.0,
              1.0,
              1.0,
              0.0,
              1.0
            ],
            "node_precision": [
              1.0,
              0.11946902654867257,
              1.0,
              1,
              0.0
            ],
            "n_nodes": [
              NaN,
              226,
              27,
              0,
              NaN
            ]
          }
        }
      }
    }
  }
}