{
  "trained": {
    "zero_ablation": {
      "docstring": {
        "docstring_metric": {
          "CANONICAL": {
            "test_kl_div": [
              Infinity,
              2.038148139149598e-08,
              6.625180244445801,
              7.2022385597229,
              -Infinity
            ],
            "test_docstring_metric": [
              Infinity,
              -0.8751527667045593,
              3.081967830657959,
              3.2335379123687744,
              -Infinity
            ],
            "test_match_nll": [
              Infinity,
              1.4901161193847656e-08,
              8.232086181640625,
              8.93496036529541,
              -Infinity
            ],
            "test_docstring_stefan": [
              Infinity,
              -0.6600000262260437,
              -0.03999999910593033,
              -0.019999999552965164,
              -Infinity
            ],
            "score": [
              Infinity,
              1.0,
              0.5,
              0.0,
              -Infinity
            ],
            "test_nll": [
              Infinity,
              1.5616291761398315,
              9.79371452331543,
              10.496587753295898,
              -Infinity
            ],
            "edge_fpr": [
              0.0,
              1.0,
              0.0,
              0.0,
              1.0
            ],
            "edge_tpr": [
              0.0,
              1.0,
              1.0,
              0.0,
              1.0
            ],
            "edge_precision": [
              1.0,
              0.01815541031227306,
              1.0,
              1,
              0.0
            ],
            "n_edges": [
              NaN,
              1377,
              25,
              0,
              NaN
            ],
            "node_fpr": [
              0.0,
              1.0,
              0.0,
              0.0,
              1.0
            ],
            "node_tpr": [
              0.0,
              1.0,
              1.0,
              0.0,
              1.0
            ],
            "node_precision": [
              1.0,
              0.11946902654867257,
              1.0,
              1,
              0.0
            ],
            "n_nodes": [
              NaN,
              226,
              27,
              0,
              NaN
            ]
          }
        }
      }
    }
  }
}