{
  "trained": {
    "random_ablation": {
      "tracr-proportion": {
        "l2": {
          "CANONICAL": {
            "score": [
              Infinity,
              1.0,
              0.5,
              0.0,
              -Infinity
            ],
            "test_kl_div": [
              Infinity,
              -6.007197517199359e-10,
              -6.007197517199359e-10,
              0.014355804771184921,
              -Infinity
            ],
            "test_l2": [
              Infinity,
              4.7882550823881434e-17,
              4.7882550823881434e-17,
              0.17444445192813873,
              -Infinity
            ],
            "edge_fpr": [
              0.0,
              1.0,
              0.0,
              0.0,
              1.0
            ],
            "edge_tpr": [
              0.0,
              1.0,
              1.0,
              0.0,
              1.0
            ],
            "edge_precision": [
              1.0,
              0.2631578947368421,
              1.0,
              1,
              0.0
            ],
            "n_edges": [
              NaN,
              38,
              10,
              0,
              NaN
            ],
            "node_fpr": [
              0.0,
              1.0,
              0.0,
              0.0,
              1.0
            ],
            "node_tpr": [
              0.0,
              1.0,
              1.0,
              0.0,
              1.0
            ],
            "node_precision": [
              1.0,
              0.5789473684210527,
              1.0,
              1,
              0.0
            ],
            "n_nodes": [
              NaN,
              19,
              11,
              0,
              NaN
            ]
          }
        }
      }
    }
  }
}