{
  "reset": {
    "random_ablation": {
      "greaterthan": {
        "greaterthan": {
          "CANONICAL": {
            "score": [
              Infinity,
              1.0,
              0.5,
              0.0,
              -Infinity
            ],
            "test_greaterthan": [
              Infinity,
              3.6952919799659867e-06,
              3.78175309379003e-06,
              3.752810698642861e-06,
              -Infinity
            ],
            "test_kl_div": [
              Infinity,
              16.261966705322266,
              16.13306999206543,
              16.13994598388672,
              -Infinity
            ],
            "edge_fpr": [
              0.0,
              1.0,
              0.0,
              0.0,
              1.0
            ],
            "edge_tpr": [
              0.0,
              1.0,
              1.0,
              0.0,
              1.0
            ],
            "edge_precision": [
              1.0,
              0.007957962518604015,
              1.0,
              1,
              0.0
            ],
            "n_edges": [
              NaN,
              32923,
              262,
              0,
              NaN
            ],
            "node_fpr": [
              0.0,
              1.0,
              0.0,
              0.0,
              1.0
            ],
            "node_tpr": [
              0.0,
              1.0,
              1.0,
              0.0,
              1.0
            ],
            "node_precision": [
              1.0,
              0.07534246575342465,
              1.0,
              1,
              0.0
            ],
            "n_nodes": [
              NaN,
              1022,
              77,
              0,
              NaN
            ]
          }
        }
      }
    }
  }
}