{
  "trained": {
    "zero_ablation": {
      "greaterthan": {
        "greaterthan": {
          "CANONICAL": {
            "test_greaterthan": [
              Infinity,
              -0.8441364765167236,
              4.8115261108705454e-08,
              -3.1083466183190467e-06,
              -Infinity
            ],
            "test_kl_div": [
              Infinity,
              -3.7407914987852564e-08,
              15.975434303283691,
              11.382585525512695,
              -Infinity
            ],
            "score": [
              Infinity,
              1.0,
              0.5,
              0.0,
              -Infinity
            ],
            "edge_fpr": [
              0.0,
              1.0,
              0.0,
              0.0,
              1.0
            ],
            "edge_tpr": [
              0.0,
              1.0,
              1.0,
              0.0,
              1.0
            ],
            "edge_precision": [
              1.0,
              0.007957962518604015,
              1.0,
              1,
              0.0
            ],
            "n_edges": [
              NaN,
              32923,
              262,
              0,
              NaN
            ],
            "node_fpr": [
              0.0,
              1.0,
              0.0,
              0.0,
              1.0
            ],
            "node_tpr": [
              0.0,
              1.0,
              1.0,
              0.0,
              1.0
            ],
            "node_precision": [
              1.0,
              0.07534246575342465,
              1.0,
              1,
              0.0
            ],
            "n_nodes": [
              NaN,
              1022,
              77,
              0,
              NaN
            ]
          }
        }
      }
    }
  }
}