{
  "trained": {
    "zero_ablation": {
      "greaterthan": {
        "kl_div": {
          "SP": {
            "test_greaterthan": [
              Infinity,
              -12.926243171095848,
              -13.451325446367264,
              -13.118869617581367,
              -Infinity
            ],
            "score": [
              Infinity,
              0.025,
              0.016,
              0.01,
              -Infinity
            ],
            "test_kl_div": [
              Infinity,
              6.103314012289047,
              4.514944277703762,
              7.781105503439903,
              -Infinity
            ],
            "edge_fpr": [
              0.0,
              0.8305307570013453,
              0.8428519016754311,
              0.8428519016754311,
              1.0
            ],
            "edge_tpr": [
              0.0,
              0.9162790697674419,
              0.9255813953488372,
              0.9534883720930233,
              1.0
            ],
            "edge_precision": [
              1.0,
              0.007199766098969373,
              0.007166780710915835,
              0.007381269578367479,
              0.0
            ],
            "n_edges": [
              NaN,
              27362,
              27767,
              27773,
              NaN
            ],
            "node_fpr": [
              0.0,
              0.8587987355110642,
              0.8587987355110642,
              0.880927291886196,
              1.0
            ],
            "node_tpr": [
              0.0,
              0.9178082191780822,
              0.9452054794520548,
              0.9452054794520548,
              1.0
            ],
            "node_precision": [
              1.0,
              0.07596371882086168,
              0.07805429864253394,
              0.07624309392265194,
              0.0
            ],
            "n_nodes": [
              NaN,
              882,
              884,
              905,
              NaN
            ]
          }
        }
      }
    }
  }
}