{
  "reset": {
    "random_ablation": {
      "greaterthan": {
        "greaterthan": {
          "SP": {
            "steps": [
              Infinity,
              2,
              2,
              2,
              2,
              2,
              -Infinity
            ],
            "test_kl_div": [
              Infinity,
              322.7955131530762,
              322.8020782470703,
              322.7991752624512,
              322.79834938049316,
              339.66676330566406,
              -Infinity
            ],
            "test_greaterthan": [
              Infinity,
              7.503916231144103e-05,
              7.502517541979614e-05,
              7.505464213863888e-05,
              7.50560104734177e-05,
              2.5082248384933337e-05,
              -Infinity
            ],
            "score": [
              Infinity,
              100,
              3.162,
              0.1,
              0.003,
              0,
              -Infinity
            ],
            "edge_fpr": [
              0.0,
              0.0012553198003735341,
              0.002204464039680353,
              0.0017145831419736076,
              0.0012553198003735341,
              0.733657879428064,
              1.0
            ],
            "edge_tpr": [
              0.0,
              0.19083969465648856,
              0.19083969465648856,
              0.19083969465648856,
              0.19083969465648856,
              0.6564885496183206,
              1.0
            ],
            "edge_precision": [
              1.0,
              0.5494505494505495,
              0.4098360655737705,
              0.4716981132075472,
              0.5494505494505495,
              0.007126874948205851,
              0.0
            ],
            "n_edges": [
              NaN,
              91,
              122,
              106,
              91,
              24134,
              NaN
            ],
            "node_fpr": [
              0.0,
              0.0,
              0.006349206349206349,
              0.0031746031746031746,
              0.0,
              0.782010582010582,
              1.0
            ],
            "node_tpr": [
              0.0,
              0.18181818181818182,
              0.18181818181818182,
              0.18181818181818182,
              0.18181818181818182,
              0.7012987012987013,
              1.0
            ],
            "node_precision": [
              1.0,
              1.0,
              0.7,
              0.8235294117647058,
              1.0,
              0.06809583858764187,
              0.0
            ],
            "n_nodes": [
              NaN,
              14,
              20,
              17,
              14,
              793,
              NaN
            ]
          }
        }
      }
    }
  }
}