{
  "trained": {
    "zero_ablation": {
      "greaterthan": {
        "kl_div": {
          "SP": {
            "steps": [
              Infinity,
              2,
              2,
              2,
              -Infinity
            ],
            "test_kl_div": [
              Infinity,
              6.103314012289047,
              4.514944277703762,
              7.781105503439903,
              -Infinity
            ],
            "test_greaterthan": [
              Infinity,
              -12.926243171095848,
              -13.451325446367264,
              -13.118869617581367,
              -Infinity
            ],
            "score": [
              Infinity,
              0.025,
              0.016,
              0.01,
              -Infinity
            ],
            "edge_fpr": [
              0.0,
              0.8302868865007195,
              0.8426563791678148,
              0.8426257616117081,
              1.0
            ],
            "edge_tpr": [
              0.0,
              0.9312977099236641,
              0.9351145038167938,
              0.9618320610687023,
              1.0
            ],
            "edge_precision": [
              1.0,
              0.008917476792632117,
              0.008823423488313466,
              0.009073560652432219,
              0.0
            ],
            "n_edges": [
              NaN,
              27362,
              27767,
              27773,
              NaN
            ],
            "node_fpr": [
              0.0,
              0.8582010582010582,
              0.8582010582010582,
              0.8804232804232804,
              1.0
            ],
            "node_tpr": [
              0.0,
              0.922077922077922,
              0.948051948051948,
              0.948051948051948,
              1.0
            ],
            "node_precision": [
              1.0,
              0.08049886621315193,
              0.08257918552036199,
              0.08066298342541436,
              0.0
            ],
            "n_nodes": [
              NaN,
              882,
              884,
              905,
              NaN
            ]
          }
        }
      }
    }
  }
}