{
  "reset": {
    "random_ablation": {
      "greaterthan": {
        "kl_div": {
          "SP": {
            "test_greaterthan": [
              Infinity,
              7.323893396460335e-05,
              0.0001280548826798622,
              0.00020023227762067108,
              0.00020777428335350123,
              0.00020048947999384836,
              -Infinity
            ],
            "test_kl_div": [
              Infinity,
              322.79997634887695,
              309.0174226760864,
              300.5173101425171,
              300.57770919799805,
              300.6603727340698,
              -Infinity
            ],
            "score": [
              Infinity,
              31.623,
              4.217,
              0.562,
              0.075,
              0.01,
              -Infinity
            ],
            "fpr": [
              0.0,
              0.09492994719330912,
              0.6011110771954458,
              0.9300692897042215,
              0.9339458502487714,
              0.9435609413632062,
              1.0
            ],
            "tpr": [
              0.0,
              0.4506172839506173,
              0.5987654320987654,
              1.0,
              1.0,
              0.9691358024691358,
              1.0
            ],
            "precision": [
              1.0,
              0.022934338674206724,
              0.004901465386558868,
              0.005288587098459128,
              0.005266751194772262,
              0.005053268531333484,
              0.0
            ],
            "n_edges": [
              NaN,
              3183,
              19790,
              30632,
              30759,
              31069,
              NaN
            ]
          }
        }
      }
    }
  }
}