{
  "reset": {
    "zero_ablation": {
      "greaterthan": {
        "greaterthan": {
          "SP": {
            "test_greaterthan": [
              Infinity,
              0.04161071078851819,
              0.04161784495227039,
              0.003708556929268525,
              -0.00590303666505676,
              -0.00041617232459145725,
              -Infinity
            ],
            "steps": [
              Infinity,
              2,
              2,
              2,
              2,
              2,
              -Infinity
            ],
            "score": [
              Infinity,
              100,
              3.162,
              0.1,
              0.003,
              0,
              -Infinity
            ],
            "test_kl_div": [
              Infinity,
              139.7317123413086,
              138.71814393997192,
              182.4070401191711,
              270.36386585235596,
              292.41934299468994,
              -Infinity
            ],
            "edge_fpr": [
              0.0,
              0.0017145831419736076,
              0.0012553198003735341,
              0.01466580937509568,
              0.3970178500352102,
              0.8396864762254677,
              1.0
            ],
            "edge_tpr": [
              0.0,
              0.19083969465648856,
              0.19083969465648856,
              0.21374045801526717,
              0.5190839694656488,
              0.8473282442748091,
              1.0
            ],
            "edge_precision": [
              1.0,
              0.4716981132075472,
              0.5494505494505495,
              0.10467289719626169,
              0.010379302449820651,
              0.008029804318732594,
              0.0
            ],
            "n_edges": [
              NaN,
              106,
              91,
              535,
              13103,
              27647,
              NaN
            ],
            "node_fpr": [
              0.0,
              0.0031746031746031746,
              0.0,
              0.05714285714285714,
              0.5333333333333333,
              0.8539682539682539,
              1.0
            ],
            "node_tpr": [
              0.0,
              0.18181818181818182,
              0.18181818181818182,
              0.22077922077922077,
              0.5714285714285714,
              0.7922077922077922,
              1.0
            ],
            "node_precision": [
              1.0,
              0.8235294117647058,
              1.0,
              0.23943661971830985,
              0.08029197080291971,
              0.07027649769585254,
              0.0
            ],
            "n_nodes": [
              NaN,
              17,
              14,
              71,
              548,
              868,
              NaN
            ]
          }
        }
      }
    }
  }
}