{
  "reset": {
    "zero_ablation": {
      "greaterthan": {
        "greaterthan": {
          "SP": {
            "score": [
              Infinity,
              100,
              3.162,
              0.1,
              0.003,
              0,
              -Infinity
            ],
            "test_greaterthan": [
              Infinity,
              0.04161071078851819,
              0.04161784495227039,
              0.003708556929268525,
              -0.00590303666505676,
              -0.00041617232459145725,
              -Infinity
            ],
            "test_kl_div": [
              Infinity,
              139.7317123413086,
              138.71814393997192,
              182.4070401191711,
              270.36386585235596,
              292.41934299468994,
              -Infinity
            ],
            "edge_fpr": [
              0.0,
              0.0005197505197505198,
              0.00027516203986792224,
              0.010150421915127798,
              0.38574660633484165,
              0.8279320044025926,
              1.0
            ],
            "edge_tpr": [
              0.0,
              0.018604651162790697,
              0.018604651162790697,
              0.04186046511627907,
              0.4186046511627907,
              0.7627906976744186,
              1.0
            ],
            "edge_precision": [
              1.0,
              0.19047619047619047,
              0.3076923076923077,
              0.026392961876832845,
              0.007082710317148029,
              0.006019674056673029,
              0.0
            ],
            "n_edges": [
              NaN,
              21,
              13,
              341,
              12707,
              27244,
              NaN
            ],
            "node_fpr": [
              0.0,
              0.007376185458377239,
              0.004214963119072708,
              0.06111696522655427,
              0.5353003161222339,
              0.8545837723919916,
              1.0
            ],
            "node_tpr": [
              0.0,
              0.136986301369863,
              0.136986301369863,
              0.1780821917808219,
              0.547945205479452,
              0.7808219178082192,
              1.0
            ],
            "node_precision": [
              1.0,
              0.5882352941176471,
              0.7142857142857143,
              0.18309859154929578,
              0.072992700729927,
              0.06566820276497695,
              0.0
            ],
            "n_nodes": [
              NaN,
              17,
              14,
              71,
              548,
              868,
              NaN
            ]
          }
        }
      }
    }
  }
}