{
  "reset": {
    "random_ablation": {
      "greaterthan": {
        "kl_div": {
          "SP": {
            "test_kl_div": [
              Infinity,
              322.7936305999756,
              308.6048774719238,
              300.89387226104736,
              300.5179023742676,
              300.6595296859741,
              -Infinity
            ],
            "test_greaterthan": [
              Infinity,
              7.51390025470755e-05,
              0.00013091482514937525,
              0.00021261350684653735,
              0.00021493037729669595,
              0.00020936339751642663,
              -Infinity
            ],
            "score": [
              Infinity,
              31.623,
              4.217,
              0.562,
              0.075,
              0.01,
              -Infinity
            ],
            "edge_fpr": [
              0.0,
              0.00027516203986792224,
              0.1257796257796258,
              0.4442949737067384,
              0.5571419836125718,
              0.5878378378378378,
              1.0
            ],
            "edge_tpr": [
              0.0,
              0.018604651162790697,
              0.27906976744186046,
              0.7395348837209302,
              0.7488372093023256,
              0.7953488372093023,
              1.0
            ],
            "edge_precision": [
              1.0,
              0.3076923076923077,
              0.014374700527072353,
              0.010822952828262202,
              0.008757615317667536,
              0.008815341787813177,
              0.0
            ],
            "n_edges": [
              NaN,
              13,
              4174,
              14691,
              18384,
              19398,
              NaN
            ],
            "node_fpr": [
              0.0,
              0.004214963119072708,
              0.27291886195995785,
              0.5616438356164384,
              0.6522655426765016,
              0.6638566912539515,
              1.0
            ],
            "node_tpr": [
              0.0,
              0.136986301369863,
              0.3698630136986301,
              0.726027397260274,
              0.7534246575342466,
              0.8082191780821918,
              1.0
            ],
            "node_precision": [
              1.0,
              0.7142857142857143,
              0.0944055944055944,
              0.09044368600682594,
              0.08160237388724036,
              0.08563134978229318,
              0.0
            ],
            "n_nodes": [
              NaN,
              14,
              286,
              586,
              674,
              689,
              NaN
            ]
          }
        }
      }
    }
  }
}