{
  "reset": {
    "random_ablation": {
      "greaterthan": {
        "kl_div": {
          "SP": {
            "steps": [
              Infinity,
              2,
              2,
              2,
              2,
              2,
              -Infinity
            ],
            "score": [
              Infinity,
              31.623,
              4.217,
              0.562,
              0.075,
              0.01,
              -Infinity
            ],
            "test_kl_div": [
              Infinity,
              322.7936305999756,
              308.6048774719238,
              300.89387226104736,
              300.5179023742676,
              300.6595296859741,
              -Infinity
            ],
            "test_greaterthan": [
              Infinity,
              7.51390025470755e-05,
              0.00013091482514937525,
              0.00021261350684653735,
              0.00021493037729669595,
              0.00020936339751642663,
              -Infinity
            ],
            "edge_fpr": [
              0.0,
              0.0012553198003735341,
              0.13514589265484828,
              0.44925140075319187,
              0.5623832705673433,
              0.5930620617862282,
              1.0
            ],
            "edge_tpr": [
              0.0,
              0.19083969465648856,
              0.3931297709923664,
              0.767175572519084,
              0.7748091603053435,
              0.8282442748091603,
              1.0
            ],
            "edge_precision": [
              1.0,
              0.5494505494505495,
              0.022802745184857205,
              0.013513513513513514,
              0.010931021485111195,
              0.011078776739674273,
              0.0
            ],
            "n_edges": [
              NaN,
              91,
              4517,
              14874,
              18571,
              19587,
              NaN
            ],
            "node_fpr": [
              0.0,
              0.0,
              0.2698412698412698,
              0.5597883597883598,
              0.6507936507936508,
              0.6624338624338625,
              1.0
            ],
            "node_tpr": [
              0.0,
              0.18181818181818182,
              0.4025974025974026,
              0.7402597402597403,
              0.7662337662337663,
              0.8181818181818182,
              1.0
            ],
            "node_precision": [
              1.0,
              1.0,
              0.10839160839160839,
              0.09726962457337884,
              0.08753709198813056,
              0.09143686502177069,
              0.0
            ],
            "n_nodes": [
              NaN,
              14,
              286,
              586,
              674,
              689,
              NaN
            ]
          }
        }
      }
    }
  }
}