{
  "reset": {
    "zero_ablation": {
      "greaterthan": {
        "kl_div": {
          "SP": {
            "test_kl_div": [
              Infinity,
              63.15787935256958,
              64.29615664482117,
              69.03810691833496,
              67.33272552490234,
              -Infinity
            ],
            "test_greaterthan": [
              Infinity,
              -1.821115931496024,
              -1.6412069513462484,
              -0.7552851941436529,
              -2.6329172188416123,
              -Infinity
            ],
            "score": [
              Infinity,
              31.623,
              4.217,
              0.075,
              0.01,
              -Infinity
            ],
            "fpr": [
              0.0,
              0.7142028631604652,
              0.9312902536552609,
              0.9576630749977106,
              0.973901895546534,
              1.0
            ],
            "tpr": [
              0.0,
              0.8333333333333334,
              0.9259259259259259,
              0.9691358024691358,
              0.9197530864197531,
              1.0
            ],
            "precision": [
              1.0,
              0.005736625164662389,
              0.004892367906066536,
              0.00497922679268022,
              0.004648260801746997,
              0.0
            ],
            "n_edges": [
              NaN,
              23533,
              30660,
              31531,
              32055,
              NaN
            ]
          }
        }
      }
    }
  }
}