{
  "reset": {
    "random_ablation": {
      "greaterthan": {
        "greaterthan": {
          "SP": {
            "score": [
              Infinity,
              100,
              3.162,
              0.1,
              0.003,
              0,
              -Infinity
            ],
            "steps": [
              Infinity,
              2,
              2,
              2,
              2,
              2,
              -Infinity
            ],
            "test_greaterthan": [
              Infinity,
              7.503916231144103e-05,
              7.502517541979614e-05,
              7.505464213863888e-05,
              7.50560104734177e-05,
              2.5082248384933337e-05,
              -Infinity
            ],
            "test_kl_div": [
              Infinity,
              322.7955131530762,
              322.8020782470703,
              322.7991752624512,
              322.79834938049316,
              339.66676330566406,
              -Infinity
            ],
            "edge_fpr": [
              0.0,
              3.0617556106671565e-05,
              0.0002449404488533725,
              0.00012247022442668626,
              3.0617556106671565e-05,
              0.7196962738434218,
              1.0
            ],
            "edge_tpr": [
              0.0,
              0.0,
              0.0,
              0.0,
              0.0,
              0.583969465648855,
              1.0
            ],
            "edge_precision": [
              1.0,
              0.0,
              0.0,
              0.0,
              0.0,
              0.0064668836383617225,
              0.0
            ],
            "n_edges": [
              NaN,
              1,
              8,
              4,
              1,
              23659,
              NaN
            ],
            "node_fpr": [
              0.0,
              0.0,
              0.006349206349206349,
              0.0031746031746031746,
              0.0,
              0.782010582010582,
              1.0
            ],
            "node_tpr": [
              0.0,
              0.025974025974025976,
              0.025974025974025976,
              0.025974025974025976,
              0.025974025974025976,
              0.6753246753246753,
              1.0
            ],
            "node_precision": [
              1.0,
              1.0,
              0.25,
              0.4,
              1.0,
              0.06573957016434892,
              0.0
            ],
            "n_nodes": [
              NaN,
              2,
              8,
              5,
              2,
              791,
              NaN
            ]
          }
        }
      }
    }
  }
}