{
  "reset": {
    "zero_ablation": {
      "greaterthan": {
        "greaterthan": {
          "SP": {
            "test_greaterthan": [
              Infinity,
              0.04161071078851819,
              0.03987003234215081,
              0.04161784495227039,
              0.04198373679537326,
              0.003708556929268525,
              -0.04305844654663815,
              -0.00590303666505676,
              -0.0005837680710456539,
              -0.00041617232459145725,
              -0.0004460657657006095,
              -Infinity
            ],
            "test_kl_div": [
              Infinity,
              139.7317123413086,
              138.81266593933103,
              138.71814393997192,
              138.3419108390808,
              182.4070401191711,
              180.62293481826785,
              270.36386585235596,
              280.1456708908081,
              292.41934299468994,
              294.6657419204712,
              -Infinity
            ],
            "score": [
              Infinity,
              100,
              100,
              3.162,
              3.162,
              0.1,
              0.1,
              0.003,
              0.003,
              0,
              0,
              -Infinity
            ],
            "fpr": [
              0.0,
              0.09053447696956747,
              0.08613900674582584,
              0.08388022343640304,
              0.08388022343640304,
              0.22609199963371082,
              0.24953450749366626,
              0.9367845914349379,
              0.9391959952382406,
              0.9858062940691676,
              0.994353041726443,
              1.0
            ],
            "tpr": [
              0.0,
              0.4506172839506173,
              0.4506172839506173,
              0.4506172839506173,
              0.4506172839506173,
              0.5617283950617284,
              0.5432098765432098,
              0.8765432098765432,
              0.9567901234567902,
              0.9074074074074074,
              1.0,
              1.0
            ],
            "precision": [
              1.0,
              0.024021059559065482,
              0.02521588946459413,
              0.02587734845799362,
              0.02587734845799362,
              0.012136569751933848,
              0.010649885029650249,
              0.004605604566683965,
              0.005012288190402277,
              0.0045310236414634894,
              0.004948378031645183,
              0.0
            ],
            "n_edges": [
              NaN,
              3039,
              2895,
              2821,
              2821,
              7498,
              8263,
              30832,
              30924,
              32443,
              32738,
              NaN
            ]
          }
        }
      }
    }
  }
}