{
  "reset": {
    "zero_ablation": {
      "greaterthan": {
        "kl_div": {
          "SP": {
            "test_greaterthan": [
              Infinity,
              -2.1225958755239844,
              -1.6515514212660491,
              -2.3528454322367907,
              -2.6074014657642692,
              -2.39866210683249,
              -Infinity
            ],
            "test_kl_div": [
              Infinity,
              64.41733431816101,
              65.91566276550293,
              64.50974011421204,
              67.98384213447571,
              62.796411991119385,
              -Infinity
            ],
            "score": [
              Infinity,
              31.623,
              4.217,
              0.562,
              0.075,
              0.01,
              -Infinity
            ],
            "steps": [
              Infinity,
              2,
              2,
              2,
              2,
              2,
              -Infinity
            ],
            "edge_fpr": [
              0.0,
              0.23544900646030434,
              0.5920822999908147,
              0.7780839533388445,
              0.7669697804721227,
              0.7567741342886011,
              1.0
            ],
            "edge_tpr": [
              0.0,
              0.44656488549618323,
              0.8358778625954199,
              0.9083969465648855,
              0.851145038167939,
              0.8893129770992366,
              1.0
            ],
            "edge_precision": [
              1.0,
              0.014986550531574229,
              0.011198036508666973,
              0.00927839070601536,
              0.008823645787995094,
              0.009338677354709418,
              0.0
            ],
            "n_edges": [
              NaN,
              7807,
              19557,
              25651,
              25273,
              24950,
              NaN
            ],
            "node_fpr": [
              0.0,
              0.37354497354497357,
              0.6677248677248677,
              0.798941798941799,
              0.801058201058201,
              0.7862433862433862,
              1.0
            ],
            "node_tpr": [
              0.0,
              0.4675324675324675,
              0.8181818181818182,
              0.8961038961038961,
              0.8441558441558441,
              0.8441558441558441,
              1.0
            ],
            "node_precision": [
              1.0,
              0.09254498714652956,
              0.09077809798270893,
              0.08373786407766991,
              0.07907542579075426,
              0.08044554455445545,
              0.0
            ],
            "n_nodes": [
              NaN,
              389,
              694,
              824,
              822,
              808,
              NaN
            ]
          }
        }
      }
    }
  }
}