{
  "reset": {
    "random_ablation": {
      "greaterthan": {
        "greaterthan": {
          "SP": {
            "test_kl_div": [
              Infinity,
              322.7955131530762,
              322.8020782470703,
              322.7991752624512,
              322.79834938049316,
              339.66676330566406,
              -Infinity
            ],
            "score": [
              Infinity,
              100,
              3.162,
              0.1,
              0.003,
              0,
              -Infinity
            ],
            "test_greaterthan": [
              Infinity,
              7.503916231144103e-05,
              7.502517541979614e-05,
              7.505464213863888e-05,
              7.50560104734177e-05,
              2.5082248384933337e-05,
              -Infinity
            ],
            "edge_fpr": [
              0.0,
              0.00027516203986792224,
              0.0005503240797358445,
              0.0006420447596918185,
              0.00027516203986792224,
              0.7287819493701847,
              1.0
            ],
            "edge_tpr": [
              0.0,
              0.018604651162790697,
              0.018604651162790697,
              0.018604651162790697,
              0.018604651162790697,
              0.6232558139534884,
              1.0
            ],
            "edge_precision": [
              1.0,
              0.3076923076923077,
              0.18181818181818182,
              0.16,
              0.3076923076923077,
              0.005590088023027825,
              0.0
            ],
            "n_edges": [
              NaN,
              13,
              22,
              25,
              13,
              23971,
              NaN
            ],
            "node_fpr": [
              0.0,
              0.004214963119072708,
              0.01053740779768177,
              0.007376185458377239,
              0.004214963119072708,
              0.7829293993677555,
              1.0
            ],
            "node_tpr": [
              0.0,
              0.136986301369863,
              0.136986301369863,
              0.136986301369863,
              0.136986301369863,
              0.684931506849315,
              1.0
            ],
            "node_precision": [
              1.0,
              0.7142857142857143,
              0.5,
              0.5882352941176471,
              0.7142857142857143,
              0.06305170239596469,
              0.0
            ],
            "n_nodes": [
              NaN,
              14,
              20,
              17,
              14,
              793,
              NaN
            ]
          }
        }
      }
    }
  }
}