{
  "reset": {
    "zero_ablation": {
      "greaterthan": {
        "greaterthan": {
          "SP": {
            "steps": [
              Infinity,
              2,
              2,
              2,
              2,
              2,
              -Infinity
            ],
            "score": [
              Infinity,
              100,
              3.162,
              0.1,
              0.003,
              0,
              -Infinity
            ],
            "test_kl_div": [
              Infinity,
              139.7317123413086,
              138.71814393997192,
              182.4070401191711,
              270.36386585235596,
              292.41934299468994,
              -Infinity
            ],
            "test_greaterthan": [
              Infinity,
              0.04161071078851819,
              0.04161784495227039,
              0.003708556929268525,
              -0.00590303666505676,
              -0.00041617232459145725,
              -Infinity
            ],
            "edge_fpr": [
              0.0,
              0.00012247022442668626,
              3.0617556106671565e-05,
              0.007195125685067818,
              0.3735954196136064,
              0.8233673188206118,
              1.0
            ],
            "edge_tpr": [
              0.0,
              0.0,
              0.0,
              0.011450381679389313,
              0.3244274809160305,
              0.7404580152671756,
              1.0
            ],
            "edge_precision": [
              1.0,
              0.0,
              0.0,
              0.012605042016806723,
              0.006917880686904859,
              0.007162371704939822,
              0.0
            ],
            "n_edges": [
              NaN,
              4,
              1,
              238,
              12287,
              27086,
              NaN
            ],
            "node_fpr": [
              0.0,
              0.0031746031746031746,
              0.0,
              0.05714285714285714,
              0.5333333333333333,
              0.8539682539682539,
              1.0
            ],
            "node_tpr": [
              0.0,
              0.025974025974025976,
              0.025974025974025976,
              0.07792207792207792,
              0.5064935064935064,
              0.7532467532467533,
              1.0
            ],
            "node_precision": [
              1.0,
              0.4,
              1.0,
              0.1,
              0.0718232044198895,
              0.06705202312138728,
              0.0
            ],
            "n_nodes": [
              NaN,
              5,
              2,
              60,
              543,
              865,
              NaN
            ]
          }
        }
      }
    }
  }
}