{
  "reset": {
    "zero_ablation": {
      "ioi": {
        "logit_diff": {
          "SP": {
            "test_logit_diff": [
              Infinity,
              -5.695217132568359,
              -3.732816457748413,
              -2.288724660873413,
              -1.9053462743759155,
              -3.170192174613476,
              -Infinity
            ],
            "test_match_nll": [
              Infinity,
              262.5747652053833,
              352.473801612854,
              333.42534732818604,
              344.1939706802368,
              339.01355934143066,
              -Infinity
            ],
            "test_frac_correct": [
              Infinity,
              -10.47999969124794,
              -9.96999979019165,
              -10.079999715089798,
              -9.87999975681305,
              -10.2499997317791,
              -Infinity
            ],
            "score": [
              Infinity,
              100,
              3.162,
              0.1,
              0.003,
              0,
              -Infinity
            ],
            "test_nll": [
              Infinity,
              277.72078037261963,
              349.62307357788086,
              341.0998868942261,
              344.269811630249,
              344.679235458374,
              -Infinity
            ],
            "test_kl_div": [
              Infinity,
              204.72930335998535,
              278.856237411499,
              273.7962980270386,
              266.208984375,
              263.23313903808594,
              -Infinity
            ],
            "fpr": [
              0.0,
              0.090998375703547,
              0.8113927397725985,
              0.9366146639972802,
              0.9474936727987006,
              0.9240358100706381,
              1.0
            ],
            "tpr": [
              0.0,
              0.5386046511627907,
              0.9012403100775194,
              0.9631007751937984,
              0.9451162790697675,
              0.9739534883720931,
              1.0
            ],
            "precision": [
              1.0,
              0.590515043345232,
              0.2129850144725754,
              0.20034185829006354,
              0.1955162128355624,
              0.20433255269320844,
              0.0
            ],
            "n_edges": [
              NaN,
              5883,
              27293,
              31007,
              31179,
              30744,
              NaN
            ]
          }
        }
      }
    }
  }
}