{
  "reset": {
    "zero_ablation": {
      "ioi": {
        "logit_diff": {
          "SP": {
            "steps": [
              Infinity,
              11000,
              11000,
              11000,
              11000,
              11000,
              -Infinity
            ],
            "test_frac_correct": [
              Infinity,
              -10.47999969124794,
              -9.96999979019165,
              -10.079999715089798,
              -9.87999975681305,
              -10.2499997317791,
              -Infinity
            ],
            "test_nll": [
              Infinity,
              277.72078037261963,
              349.62307357788086,
              341.0998868942261,
              344.269811630249,
              344.679235458374,
              -Infinity
            ],
            "test_logit_diff": [
              Infinity,
              -5.695217132568359,
              -3.732816457748413,
              -2.288724660873413,
              -1.9053462743759155,
              -3.170192174613476,
              -Infinity
            ],
            "test_kl_div": [
              Infinity,
              204.72930335998535,
              278.856237411499,
              273.7962980270386,
              266.208984375,
              263.23313903808594,
              -Infinity
            ],
            "test_match_nll": [
              Infinity,
              262.5747652053833,
              352.473801612854,
              333.42534732818604,
              344.1939706802368,
              339.01355934143066,
              -Infinity
            ],
            "score": [
              Infinity,
              100,
              3.162,
              0.1,
              0.003,
              0,
              -Infinity
            ],
            "edge_fpr": [
              0.0,
              0.010695690358195847,
              0.37133805909290507,
              0.6769650586537859,
              0.6712565083746315,
              0.7167680823034941,
              1.0
            ],
            "edge_tpr": [
              0.0,
              0.18539865513928913,
              0.505283381364073,
              0.8155619596541787,
              0.7502401536983669,
              0.8434197886647454,
              1.0
            ],
            "edge_precision": [
              1.0,
              0.36142322097378277,
              0.04253942579862515,
              0.03784771754636234,
              0.035208727797313134,
              0.036999578592498944,
              0.0
            ],
            "n_edges": [
              NaN,
              534,
              12365,
              22432,
              22182,
              23730,
              NaN
            ],
            "node_fpr": [
              0.0,
              0.043583535108958835,
              0.5096852300242131,
              0.7058111380145279,
              0.715496368038741,
              0.738498789346247,
              1.0
            ],
            "node_tpr": [
              0.0,
              0.17857142857142858,
              0.5510204081632653,
              0.8367346938775511,
              0.7602040816326531,
              0.8571428571428571,
              1.0
            ],
            "node_precision": [
              1.0,
              0.49295774647887325,
              0.20415879017013233,
              0.21954484605087016,
              0.20135135135135135,
              0.2159383033419023,
              0.0
            ],
            "n_nodes": [
              NaN,
              71,
              529,
              747,
              740,
              778,
              NaN
            ]
          }
        }
      }
    }
  }
}