{
  "reset": {
    "random_ablation": {
      "ioi": {
        "logit_diff": {
          "SP": {
            "test_nll": [
              Infinity,
              281.10966777801514,
              280.89519214630127,
              279.7926254272461,
              279.9147062301636,
              279.9098310470581,
              -Infinity
            ],
            "test_kl_div": [
              Infinity,
              208.26479816436768,
              207.6342191696167,
              206.9849967956543,
              206.7242317199707,
              206.68723392486572,
              -Infinity
            ],
            "test_logit_diff": [
              Infinity,
              -6.356537818908691,
              -7.180830478668213,
              -7.673449516296387,
              -7.91516637802124,
              -7.962074279785156,
              -Infinity
            ],
            "test_frac_correct": [
              Infinity,
              -10.59999942779541,
              -11.229999899864197,
              -10.889999628067017,
              -10.899999737739565,
              -10.93999981880188,
              -Infinity
            ],
            "test_match_nll": [
              Infinity,
              270.81267070770264,
              270.4825220108032,
              269.7284126281738,
              269.53488636016846,
              269.4946041107178,
              -Infinity
            ],
            "score": [
              Infinity,
              100,
              3.162,
              0.1,
              0.003,
              0,
              -Infinity
            ],
            "steps": [
              Infinity,
              11000,
              11000,
              11000,
              11000,
              11000,
              -Infinity
            ],
            "edge_fpr": [
              0.0,
              0.00047048491311711937,
              0.1936829558998808,
              0.5947556615017878,
              0.6531271563891852,
              0.6268740982372498,
              1.0
            ],
            "edge_tpr": [
              0.0,
              0.08741594620557157,
              0.4111431316042267,
              0.765609990393852,
              0.765609990393852,
              0.7790585975024016,
              1.0
            ],
            "edge_precision": [
              1.0,
              0.8584905660377359,
              0.06481902165682266,
              0.040336049395212306,
              0.03686401480111008,
              0.03899600903976535,
              0.0
            ],
            "n_edges": [
              NaN,
              106,
              6603,
              19759,
              21620,
              20797,
              NaN
            ],
            "node_fpr": [
              0.0,
              0.0036319612590799033,
              0.33171912832929784,
              0.6428571428571429,
              0.6912832929782082,
              0.6779661016949152,
              1.0
            ],
            "node_tpr": [
              0.0,
              0.07142857142857142,
              0.4336734693877551,
              0.7448979591836735,
              0.7551020408163265,
              0.7755102040816326,
              1.0
            ],
            "node_precision": [
              1.0,
              0.8235294117647058,
              0.23676880222841226,
              0.21565731166912852,
              0.20584144645340752,
              0.21348314606741572,
              0.0
            ],
            "n_nodes": [
              NaN,
              17,
              359,
              677,
              719,
              712,
              NaN
            ]
          }
        }
      }
    }
  }
}