{
  "reset": {
    "zero_ablation": {
      "ioi": {
        "kl_div": {
          "SP": {
            "test_match_nll": [
              Infinity,
              140.04255437850952,
              145.1340708732605,
              141.22508239746094,
              140.47235345840454,
              143.95254564285278,
              -Infinity
            ],
            "test_kl_div": [
              Infinity,
              109.65687799453735,
              110.13077116012572,
              113.2920699119568,
              114.71390438079834,
              113.49590015411376,
              -Infinity
            ],
            "test_nll": [
              Infinity,
              149.28866910934448,
              150.86176443099976,
              159.395827293396,
              156.6975908279419,
              152.7787094116211,
              -Infinity
            ],
            "score": [
              Infinity,
              31.623,
              4.217,
              0.562,
              0.075,
              0.01,
              -Infinity
            ],
            "test_logit_diff": [
              Infinity,
              -3.2508273124694824,
              -2.794529914855957,
              -2.087106227874756,
              -1.43416166305542,
              -2.8252573013305664,
              -Infinity
            ],
            "test_frac_correct": [
              Infinity,
              -10.459999740123749,
              -10.649999618530272,
              -10.159999787807465,
              -10.449999749660492,
              -10.689999729394913,
              -Infinity
            ],
            "steps": [
              Infinity,
              11000,
              11000,
              11000,
              11000,
              11000,
              -Infinity
            ],
            "edge_fpr": [
              0.0,
              0.15290759676306379,
              0.47236685276958784,
              0.7015871024402485,
              0.6972900069004454,
              0.682987265541685,
              1.0
            ],
            "edge_tpr": [
              0.0,
              0.2334293948126801,
              0.505283381364073,
              0.7531219980787704,
              0.6733909702209414,
              0.7041306436119116,
              1.0
            ],
            "edge_precision": [
              1.0,
              0.047479484173505275,
              0.03374823559604773,
              0.033863165169315826,
              0.030568637711494855,
              0.032566198684912034,
              0.0
            ],
            "n_edges": [
              NaN,
              5118,
              15586,
              23152,
              22932,
              22508,
              NaN
            ],
            "node_fpr": [
              0.0,
              0.2929782082324455,
              0.6138014527845036,
              0.7590799031476998,
              0.761501210653753,
              0.7493946731234867,
              1.0
            ],
            "node_tpr": [
              0.0,
              0.24489795918367346,
              0.5408163265306123,
              0.7704081632653061,
              0.6887755102040817,
              0.6989795918367347,
              1.0
            ],
            "node_precision": [
              1.0,
              0.16551724137931034,
              0.1729200652528548,
              0.19408740359897173,
              0.17670157068062828,
              0.18121693121693122,
              0.0
            ],
            "n_nodes": [
              NaN,
              290,
              613,
              778,
              764,
              756,
              NaN
            ]
          }
        }
      }
    }
  }
}