{
  "reset": {
    "random_ablation": {
      "ioi": {
        "kl_div": {
          "SP": {
            "score": [
              Infinity,
              31.623,
              4.217,
              0.562,
              0.075,
              0.01,
              -Infinity
            ],
            "test_kl_div": [
              Infinity,
              208.26551628112793,
              207.09987449645996,
              204.58759593963623,
              204.2374563217163,
              204.11851406097412,
              -Infinity
            ],
            "test_logit_diff": [
              Infinity,
              -6.3574018478393555,
              -6.244154930114746,
              -6.160984516143799,
              -6.289402961730957,
              -6.2062087059021,
              -Infinity
            ],
            "test_frac_correct": [
              Infinity,
              -10.59999942779541,
              -10.679999351501465,
              -10.649999499320984,
              -10.499999582767488,
              -10.5099995136261,
              -Infinity
            ],
            "test_match_nll": [
              Infinity,
              270.81014919281006,
              269.50837993621826,
              266.22970390319824,
              265.36726570129395,
              265.4906940460205,
              -Infinity
            ],
            "test_nll": [
              Infinity,
              281.11054134368896,
              279.8556900024414,
              276.2118158340454,
              275.99070930480957,
              275.8101530075073,
              -Infinity
            ],
            "edge_fpr": [
              0.0,
              0.0,
              0.03823044114442265,
              0.5491111733756733,
              0.6534043149341552,
              0.6586034058715482,
              1.0
            ],
            "edge_tpr": [
              0.0,
              0.016209476309226933,
              0.10099750623441396,
              0.6820448877805486,
              0.7543640897755611,
              0.773067331670823,
              1.0
            ],
            "edge_precision": [
              1.0,
              1.0,
              0.061879297173414824,
              0.030079736046191918,
              0.028018339276617423,
              0.02847301951779564,
              0.0
            ],
            "n_edges": [
              NaN,
              13,
              1309,
              18185,
              21593,
              21775,
              NaN
            ],
            "node_fpr": [
              0.0,
              0.0,
              0.13801452784503632,
              0.6368038740920097,
              0.6888619854721549,
              0.698547215496368,
              1.0
            ],
            "node_tpr": [
              0.0,
              0.07142857142857142,
              0.20918367346938777,
              0.6581632653061225,
              0.7857142857142857,
              0.7857142857142857,
              1.0
            ],
            "node_precision": [
              1.0,
              1.0,
              0.2645161290322581,
              0.1969465648854962,
              0.21300138312586445,
              0.2106703146374829,
              0.0
            ],
            "n_nodes": [
              NaN,
              14,
              155,
              655,
              723,
              731,
              NaN
            ]
          }
        }
      }
    }
  }
}