{
  "trained": {
    "zero_ablation": {
      "tracr-reverse": {
        "l2": {
          "SP": {
            "test_l2": [
              Infinity,
              2.941185132889209,
              2.6673733044496974,
              3.1607420933867543,
              3.4639789627189272,
              3.065582001041278,
              2.392722767824708,
              3.232001867325221,
              4.864499686284034,
              3.681363556857257,
              2.5059246158894224,
              4.694652948684492,
              -Infinity
            ],
            "score": [
              Infinity,
              1,
              0.501,
              0.251,
              0.126,
              0.063,
              0.032,
              0.016,
              0.008,
              0.004,
              0.002,
              0.001,
              -Infinity
            ],
            "steps": [
              Infinity,
              2,
              2,
              2,
              2,
              2,
              2,
              2,
              2,
              2,
              2,
              2,
              -Infinity
            ],
            "test_kl_div": [
              Infinity,
              1.0177206026056993,
              0.9728714486633409,
              1.0097100504162313,
              1.197608148195343,
              0.9357158619412188,
              0.8131732262853211,
              1.1144623757938632,
              1.584521886948039,
              1.3286845072486528,
              0.9113652655660048,
              1.658349332552234,
              -Infinity
            ],
            "edge_fpr": [
              0.0,
              0.2857142857142857,
              0.34065934065934067,
              0.3956043956043956,
              0.34065934065934067,
              0.3956043956043956,
              0.3956043956043956,
              0.3956043956043956,
              0.34065934065934067,
              0.3956043956043956,
              0.3956043956043956,
              0.3956043956043956,
              1.0
            ],
            "edge_tpr": [
              0.0,
              0.7333333333333333,
              0.8666666666666667,
              1.0,
              0.8666666666666667,
              1.0,
              1.0,
              1.0,
              0.8666666666666667,
              1.0,
              1.0,
              1.0,
              1.0
            ],
            "edge_precision": [
              1.0,
              0.2972972972972973,
              0.29545454545454547,
              0.29411764705882354,
              0.29545454545454547,
              0.29411764705882354,
              0.29411764705882354,
              0.29411764705882354,
              0.29545454545454547,
              0.29411764705882354,
              0.29411764705882354,
              0.29411764705882354,
              0.0
            ],
            "n_edges": [
              NaN,
              37,
              44,
              51,
              44,
              51,
              51,
              51,
              44,
              51,
              51,
              51,
              NaN
            ],
            "node_fpr": [
              0.0,
              0.05263157894736842,
              0.05263157894736842,
              0.05263157894736842,
              0.05263157894736842,
              0.05263157894736842,
              0.05263157894736842,
              0.05263157894736842,
              0.05263157894736842,
              0.05263157894736842,
              0.05263157894736842,
              0.05263157894736842,
              1.0
            ],
            "node_tpr": [
              0.0,
              0.75,
              0.875,
              1.0,
              0.875,
              1.0,
              1.0,
              1.0,
              0.875,
              1.0,
              1.0,
              1.0,
              1.0
            ],
            "node_precision": [
              1.0,
              0.9230769230769231,
              0.9333333333333333,
              0.9411764705882353,
              0.9333333333333333,
              0.9411764705882353,
              0.9411764705882353,
              0.9411764705882353,
              0.9333333333333333,
              0.9411764705882353,
              0.9411764705882353,
              0.9411764705882353,
              0.0
            ],
            "n_nodes": [
              NaN,
              13,
              15,
              17,
              15,
              17,
              17,
              17,
              15,
              17,
              17,
              17,
              NaN
            ]
          }
        }
      }
    }
  }
}