{
  "trained": {
    "zero_ablation": {
      "tracr-reverse": {
        "l2": {
          "SP": {
            "test_kl_div": [
              Infinity,
              1.0177206026056993,
              0.9728714486633409,
              1.0097100504162313,
              1.197608148195343,
              0.9357158619412188,
              0.8131732262853211,
              1.1144623757938632,
              1.584521886948039,
              1.3286845072486528,
              0.9113652655660048,
              1.658349332552234,
              -Infinity
            ],
            "steps": [
              Infinity,
              2,
              2,
              2,
              2,
              2,
              2,
              2,
              2,
              2,
              2,
              2,
              -Infinity
            ],
            "score": [
              Infinity,
              1,
              0.501,
              0.251,
              0.126,
              0.063,
              0.032,
              0.016,
              0.008,
              0.004,
              0.002,
              0.001,
              -Infinity
            ],
            "test_l2": [
              Infinity,
              2.941185132889209,
              2.6673733044496974,
              3.1607420933867543,
              3.4639789627189272,
              3.065582001041278,
              2.392722767824708,
              3.232001867325221,
              4.864499686284034,
              3.681363556857257,
              2.5059246158894224,
              4.694652948684492,
              -Infinity
            ],
            "edge_fpr": [
              0.0,
              0.1978021978021978,
              0.25274725274725274,
              0.3076923076923077,
              0.18681318681318682,
              0.3076923076923077,
              0.3076923076923077,
              0.3076923076923077,
              0.17582417582417584,
              0.25274725274725274,
              0.3076923076923077,
              0.3076923076923077,
              1.0
            ],
            "edge_tpr": [
              0.0,
              0.7333333333333333,
              0.8666666666666667,
              1.0,
              0.7333333333333333,
              1.0,
              1.0,
              1.0,
              0.8,
              0.7333333333333333,
              1.0,
              1.0,
              1.0
            ],
            "edge_precision": [
              1.0,
              0.3793103448275862,
              0.3611111111111111,
              0.3488372093023256,
              0.39285714285714285,
              0.3488372093023256,
              0.3488372093023256,
              0.3488372093023256,
              0.42857142857142855,
              0.3235294117647059,
              0.3488372093023256,
              0.3488372093023256,
              0.0
            ],
            "n_edges": [
              NaN,
              29,
              36,
              43,
              28,
              43,
              43,
              43,
              28,
              34,
              43,
              43,
              NaN
            ],
            "node_fpr": [
              0.0,
              0.0,
              0.0,
              0.0,
              0.0,
              0.0,
              0.0,
              0.0,
              0.0,
              0.0,
              0.0,
              0.0,
              1.0
            ],
            "node_tpr": [
              0.0,
              0.75,
              0.875,
              1.0,
              0.8125,
              1.0,
              1.0,
              1.0,
              0.8125,
              0.9375,
              1.0,
              1.0,
              1.0
            ],
            "node_precision": [
              1.0,
              1.0,
              1.0,
              1.0,
              1.0,
              1.0,
              1.0,
              1.0,
              1.0,
              1.0,
              1.0,
              1.0,
              0.0
            ],
            "n_nodes": [
              NaN,
              12,
              14,
              16,
              13,
              16,
              16,
              16,
              13,
              15,
              16,
              16,
              NaN
            ]
          }
        }
      }
    }
  }
}