{
  "trained": {
    "zero_ablation": {
      "tracr-reverse": {
        "l2": {
          "SP": {
            "steps": [
              Infinity,
              2,
              2,
              2,
              2,
              2,
              2,
              2,
              2,
              2,
              2,
              2,
              -Infinity
            ],
            "test_kl_div": [
              Infinity,
              1.0177206026056993,
              0.9728714486633409,
              1.0097100504162313,
              1.197608148195343,
              0.9357158619412188,
              0.8131732262853211,
              1.1144623757938632,
              1.584521886948039,
              1.3286845072486528,
              0.9113652655660048,
              1.658349332552234,
              -Infinity
            ],
            "score": [
              Infinity,
              1,
              0.501,
              0.251,
              0.126,
              0.063,
              0.032,
              0.016,
              0.008,
              0.004,
              0.002,
              0.001,
              -Infinity
            ],
            "test_l2": [
              Infinity,
              2.941185132889209,
              2.6673733044496974,
              3.1607420933867543,
              3.4639789627189272,
              3.065582001041278,
              2.392722767824708,
              3.232001867325221,
              4.864499686284034,
              3.681363556857257,
              2.5059246158894224,
              4.694652948684492,
              -Infinity
            ],
            "edge_fpr": [
              0.0,
              0.10989010989010989,
              0.10989010989010989,
              0.10989010989010989,
              0.18681318681318682,
              0.08791208791208792,
              0.10989010989010989,
              0.10989010989010989,
              0.054945054945054944,
              0.08791208791208792,
              0.08791208791208792,
              0.08791208791208792,
              1.0
            ],
            "edge_tpr": [
              0.0,
              0.4666666666666667,
              0.5333333333333333,
              0.4666666666666667,
              0.7333333333333333,
              0.26666666666666666,
              0.4666666666666667,
              0.4666666666666667,
              0.2,
              0.26666666666666666,
              0.26666666666666666,
              0.26666666666666666,
              1.0
            ],
            "edge_precision": [
              1.0,
              0.4117647058823529,
              0.4444444444444444,
              0.4117647058823529,
              0.39285714285714285,
              0.3333333333333333,
              0.4117647058823529,
              0.4117647058823529,
              0.375,
              0.3333333333333333,
              0.3333333333333333,
              0.3333333333333333,
              0.0
            ],
            "n_edges": [
              NaN,
              17,
              18,
              17,
              28,
              12,
              17,
              17,
              8,
              12,
              12,
              12,
              NaN
            ],
            "node_fpr": [
              0.0,
              0.0,
              0.0,
              0.0,
              0.0,
              0.0,
              0.0,
              0.0,
              0.0,
              0.0,
              0.0,
              0.0,
              1.0
            ],
            "node_tpr": [
              0.0,
              0.5625,
              0.625,
              0.5625,
              0.8125,
              0.5,
              0.5625,
              0.5625,
              0.375,
              0.5,
              0.5,
              0.5,
              1.0
            ],
            "node_precision": [
              1.0,
              1.0,
              1.0,
              1.0,
              1.0,
              1.0,
              1.0,
              1.0,
              1.0,
              1.0,
              1.0,
              1.0,
              0.0
            ],
            "n_nodes": [
              NaN,
              9,
              10,
              9,
              13,
              8,
              9,
              9,
              6,
              8,
              8,
              8,
              NaN
            ]
          }
        }
      }
    }
  }
}