{"no_runs": 10, "no_iters": 10, "no_samples": 5, "run 0": {"result": 2.9001526832580566, "best set": [[0, 10], [2, 2], [8, 10], [4, 11]], "ceval": -1.0231037139892578, "meval": 1.8770489692687988}, "run 1": {"result": 2.7513175010681152, "best set": [[9, 9], [9, 6], [10, 0]], "ceval": 0.5774869918823242, "meval": 3.3288044929504395}, "run 2": {"result": 2.853505313396454, "best set": [[8, 10], [4, 11], [9, 6], [2, 2], [0, 10]], "ceval": -0.7251207232475281, "meval": 2.128384590148926}, "run 3": {"result": 2.762162357568741, "best set": [[4, 11], [9, 6], [9, 9], [2, 2], [0, 10]], "ceval": 0.23699745535850525, "meval": 2.999159812927246}, "run 4": {"result": 2.1482433676719666, "best set": [[5, 5], [3, 0], [8, 10], [0, 10], [5, 9]], "ceval": -1.4213757514953613, "meval": 0.7268676161766052}, "run 5": {"result": 2.124740883708, "best set": [[9, 9], [5, 5], [9, 6], [0, 10]], "ceval": 0.1640159636735916, "meval": 2.288756847381592}, "run 6": {"result": 2.396167814731598, "best set": [[5, 5], [8, 10], [9, 6], [0, 10], [5, 9]], "ceval": -0.8815611004829407, "meval": 1.5146067142486572}, "run 7": {"result": 2.0824052542448044, "best set": [[9, 9], [2, 2], [5, 5], [9, 6], [0, 10], [5, 9]], "ceval": 0.12971670925617218, "meval": 2.2121219635009766}, "run 8": {"result": 2.9696787409484386, "best set": [[0, 10], [4, 11], [9, 6], [2, 2]], "ceval": 0.01873912289738655, "meval": 2.988417863845825}, "run 9": {"result": 2.9696787409484386, "best set": [[4, 11], [9, 6], [0, 10], [2, 2]], "ceval": 0.01873912289738655, "meval": 2.988417863845825}}