{"no_runs": 10, "no_iters": 10, "no_samples": 5, "run 0": {"result": 2.722562313079834, "best set": [[4, 11], [11, 10], [9, 9], [2, 2], [11, 2], [10, 7], [9, 6], [0, 1]]}, "run 1": {"result": 3.348337411880493, "best set": [[9, 6], [10, 7], [4, 11], [9, 0], [11, 10], [2, 2], [0, 1]]}, "run 2": {"result": 2.563518524169922, "best set": [[2, 2], [9, 9], [11, 10], [9, 6], [3, 0], [0, 1], [9, 0], [4, 11]]}, "run 3": {"result": 2.6704821586608887, "best set": [[9, 6], [4, 11], [2, 2], [11, 10], [11, 2], [0, 1], [9, 0]]}, "run 4": {"result": 1.6351962089538574, "best set": [[2, 2], [9, 9], [4, 11], [10, 7], [9, 0]]}, "run 5": {"result": 3.4162609577178955, "best set": [[4, 11], [10, 7], [0, 1], [2, 2], [11, 2], [11, 10]]}}