{"no_runs": 10, "no_iters": 10, "no_samples": 10, "run 0": {"result": 3.377873055636883, "best set": [[2, 2], [10, 7], [3, 0], [0, 1], [11, 10], [4, 11], [5, 8], [11, 2]], "ceval": 0.11671031266450882, "meval": 3.4945833683013916}, "run 1": {"result": 3.433359384536743, "best set": [[4, 11], [10, 7], [0, 1], [2, 2], [11, 2], [11, 10], [9, 6], [9, 0]], "ceval": 1.6321518421173096, "meval": 5.065511226654053}, "run 2": {"result": 3.4664836041629314, "best set": [[4, 11], [10, 7], [11, 10], [2, 2], [3, 0], [5, 9], [11, 2]], "ceval": 0.04100416973233223, "meval": 3.5074877738952637}, "run 3": {"result": 2.859053611755371, "best set": [[4, 11], [9, 6], [11, 10], [9, 9], [2, 2], [11, 2], [9, 0], [0, 1]], "ceval": 1.599663257598877, "meval": 4.458716869354248}, "run 4": {"result": 3.433359384536743, "best set": [[10, 7], [2, 2], [0, 1], [4, 11], [11, 10], [11, 2], [9, 6], [9, 0]], "ceval": 1.6321518421173096, "meval": 5.065511226654053}, "run 5": {"result": 3.431574583053589, "best set": [[4, 11], [11, 10], [2, 2], [10, 7], [0, 1], [11, 2], [9, 6]], "ceval": 1.6072843074798584, "meval": 5.038858890533447}}