{"no_runs": 10, "no_iters": 10, "no_samples": 10, "run 0": {"result": 3.4664836041629314, "best set": [[10, 7], [4, 11], [11, 10], [2, 2], [3, 0], [11, 2], [5, 9]], "ceval": 0.04100416973233223, "meval": 3.5074877738952637}, "run 1": {"result": 3.433359384536743, "best set": [[4, 11], [2, 2], [10, 7], [11, 2], [0, 1], [9, 6], [9, 0], [11, 10]], "ceval": 1.6321518421173096, "meval": 5.065511226654053}, "run 2": {"result": 3.4664836041629314, "best set": [[10, 7], [2, 2], [11, 10], [3, 0], [4, 11], [5, 9], [11, 2]], "ceval": 0.04100416973233223, "meval": 3.5074877738952637}, "run 3": {"result": 3.433359384536743, "best set": [[9, 6], [10, 7], [4, 11], [2, 2], [11, 2], [11, 10], [0, 1], [9, 0]], "ceval": 1.6321518421173096, "meval": 5.065511226654053}, "run 4": {"result": 3.4162609577178955, "best set": [[4, 11], [10, 7], [11, 10], [2, 2], [11, 2], [0, 1]], "ceval": 1.5100486278533936, "meval": 4.926309585571289}, "run 5": {"result": 2.3465137481689453, "best set": [[5, 5], [10, 7], [11, 10], [0, 1], [2, 2], [4, 11], [5, 8]], "ceval": 0.5479013919830322, "meval": 2.8944151401519775}, "run 6": {"result": 2.519716262817383, "best set": [[4, 11], [11, 10], [0, 1], [9, 6], [0, 10], [2, 2], [9, 0], [10, 7]], "ceval": -0.5122356414794922, "meval": 2.0074806213378906}, "run 7": {"result": 3.433359384536743, "best set": [[4, 11], [10, 7], [2, 2], [11, 10], [0, 1], [9, 6], [11, 2], [9, 0]], "ceval": 1.6321518421173096, "meval": 5.065511226654053}, "run 8": {"result": 3.431574583053589, "best set": [[10, 7], [4, 11], [2, 2], [11, 10], [0, 1], [11, 2], [9, 6]], "ceval": 1.6072843074798584, "meval": 5.038858890533447}, "run 9": {"result": 3.3420518040657043, "best set": [[10, 7], [4, 11], [9, 6], [0, 1], [11, 10], [3, 0], [11, 2], [9, 0], [2, 2]], "ceval": 0.35228341817855835, "meval": 3.6943352222442627}}