{"no_runs": 10, "no_iters": 10, "no_samples": 5, "run 0": {"result": 3.0335886478424072, "best set": [[9, 9], [9, 6], [0, 10], [2, 2]]}, "run 1": {"result": 3.0335886478424072, "best set": [[9, 9], [2, 2], [0, 10], [9, 6]]}, "run 2": {"result": 2.6889073848724365, "best set": [[0, 10], [2, 2], [3, 0], [8, 10]]}, "run 3": {"result": 2.4175872802734375, "best set": [[5, 5], [0, 10], [9, 6], [5, 9]]}}