{"no_runs": 10, "no_iters": 10, "no_samples": 10, "run 0": {"result": 3.4664836041629314, "best set": [[4, 11], [10, 7], [11, 10], [11, 2], [2, 2], [3, 0], [5, 9]], "ceval": 0.04100416973233223, "meval": 3.5074877738952637}, "run 1": {"result": 3.433359384536743, "best set": [[4, 11], [9, 6], [11, 10], [10, 7], [2, 2], [11, 2], [0, 1], [9, 0]], "ceval": 1.6321518421173096, "meval": 5.065511226654053}, "run 2": {"result": 3.396325945854187, "best set": [[10, 7], [4, 11], [11, 10], [5, 9], [2, 2], [11, 2], [0, 1], [9, 6], [9, 0]], "ceval": 1.1704570055007935, "meval": 4.5667829513549805}, "run 3": {"result": 2.7104389667510986, "best set": [[10, 7], [11, 10], [0, 1], [0, 10], [2, 2]], "ceval": 0.3950629234313965, "meval": 3.105501890182495}, "run 4": {"result": 3.4162609577178955, "best set": [[2, 2], [4, 11], [10, 7], [11, 10], [0, 1], [11, 2]], "ceval": 1.5100486278533936, "meval": 4.926309585571289}, "run 5": {"result": 3.4664836041629314, "best set": [[4, 11], [10, 7], [11, 10], [2, 2], [11, 2], [3, 0], [5, 9]], "ceval": 0.04100416973233223, "meval": 3.5074877738952637}, "run 6": {"result": 3.381658509373665, "best set": [[10, 7], [3, 0], [0, 1], [4, 11], [5, 8], [11, 10], [11, 2], [2, 2], [5, 9]], "ceval": -0.23020286858081818, "meval": 3.1514556407928467}, "run 7": {"result": 2.859053611755371, "best set": [[4, 11], [9, 9], [11, 10], [9, 6], [2, 2], [9, 0], [0, 1], [11, 2]], "ceval": 1.599663257598877, "meval": 4.458716869354248}, "run 8": {"result": 2.3465137481689453, "best set": [[5, 5], [10, 7], [4, 11], [11, 10], [2, 2], [5, 8], [0, 1]], "ceval": 0.5479013919830322, "meval": 2.8944151401519775}, "run 9": {"result": 3.4664836041629314, "best set": [[4, 11], [10, 7], [11, 10], [3, 0], [2, 2], [11, 2], [5, 9]], "ceval": 0.04100416973233223, "meval": 3.5074877738952637}}