{"no_runs": 10, "no_iters": 10, "no_samples": 5, "run 0": {"result": 2.5522834062576294, "best set": [[5, 5], [0, 10], [5, 9], [8, 10]], "ceval": -1.210246205329895, "meval": 1.3420372009277344}, "run 1": {"result": 2.396167814731598, "best set": [[5, 5], [9, 6], [8, 10], [0, 10], [5, 9]], "ceval": -0.8815611004829407, "meval": 1.5146067142486572}, "run 2": {"result": 2.9696787409484386, "best set": [[0, 10], [4, 11], [9, 6], [2, 2]], "ceval": 0.01873912289738655, "meval": 2.988417863845825}, "run 3": {"result": 2.9696787409484386, "best set": [[4, 11], [0, 10], [2, 2], [9, 6]], "ceval": 0.01873912289738655, "meval": 2.988417863845825}, "run 4": {"result": 2.7513175010681152, "best set": [[9, 9], [9, 6], [10, 0]], "ceval": 0.5774869918823242, "meval": 3.3288044929504395}, "run 5": {"result": 3.0335885882377625, "best set": [[0, 10], [9, 6], [9, 9], [2, 2]], "ceval": 0.4578455090522766, "meval": 3.491434097290039}, "run 6": {"result": 3.0335885882377625, "best set": [[0, 10], [2, 2], [9, 6], [9, 9]], "ceval": 0.4578455090522766, "meval": 3.491434097290039}, "run 7": {"result": 2.9696787409484386, "best set": [[0, 10], [2, 2], [4, 11], [9, 6]], "ceval": 0.01873912289738655, "meval": 2.988417863845825}, "run 8": {"result": 2.5522834062576294, "best set": [[5, 5], [0, 10], [8, 10], [5, 9]], "ceval": -1.210246205329895, "meval": 1.3420372009277344}, "run 9": {"result": 2.417587399482727, "best set": [[5, 5], [9, 6], [0, 10], [5, 9]], "ceval": -0.2024623155593872, "meval": 2.21512508392334}}