{
    "(11, 0)": {
        "layer_idx": 11,
        "head_idx": 0,
        "top5p_losses": [
            1.3087613582611084,
            3.147092342376709,
            7.15550422668457,
            5.031527042388916,
            7.251626968383789,
            0.35368746519088745,
            2.3866260051727295,
            0.7606553435325623,
            6.597787857055664,
            2.291224479675293,
            0.1136331558227539,
            10.567597389221191,
            0.2668039798736572,
            0.021180279552936554,
            11.489816665649414,
            1.2881704568862915,
            11.290733337402344,
            11.150273323059082,
            4.088027477264404,
            5.526578903198242,
            0.15831944346427917,
            1.1344655752182007,
            9.565324783325195,
            7.230096817016602,
            5.946602821350098,
            0.38733628392219543,
            0.1508665233850479,
            3.6432766914367676,
            8.694680213928223,
            4.777993679046631
        ],
        "losses": [
            1.748521089553833,
            3.34271502494812,
            7.157122611999512,
            4.972317218780518,
            7.218523979187012,
            0.47055667638778687,
            2.7800724506378174,
            0.42838412523269653,
            6.566572189331055,
            2.3779659271240234,
            0.6226498484611511,
            10.590774536132812,
            0.3801979124546051,
            0.08933746069669724,
            11.607187271118164,
            1.1231040954589844,
            11.320806503295898,
            11.20085334777832,
            4.056024074554443,
            5.657497882843018,
            0.4249805510044098,
            1.3232471942901611,
            9.583640098571777,
            7.315158843994141,
            5.985333442687988,
            1.8752037286758423,
            0.22422367334365845,
            3.75089168548584,
            8.632645606994629,
            5.245265483856201
        ],
        "error": 0.19084371626377106
    },
    "(11, 1)": {
        "layer_idx": 11,
        "head_idx": 1,
        "top5p_losses": [
            4.15553092956543,
            0.7828633189201355,
            1.8651536703109741,
            2.982311248779297,
            2.8055062294006348,
            4.3226318359375,
            0.6519318222999573,
            3.5720369815826416,
            8.044427871704102,
            7.076086044311523,
            4.080894470214844,
            1.214741587638855,
            3.3540072441101074,
            3.979236364364624,
            1.5159820318222046,
            4.834142208099365,
            2.5955350399017334,
            10.79371166229248,
            6.409537315368652,
            11.002588272094727,
            7.939268112182617,
            5.452190399169922,
            1.9905047416687012,
            0.3672351539134979,
            0.878485918045044,
            3.0381505489349365,
            4.383259296417236,
            12.012592315673828,
            5.575497627258301,
            8.077864646911621
        ],
        "losses": [
            4.154051780700684,
            1.1880128383636475,
            1.8825263977050781,
            3.358118772506714,
            2.810851573944092,
            5.021743297576904,
            0.851706862449646,
            3.937274932861328,
            8.206934928894043,
            7.173588752746582,
            4.434860706329346,
            1.3509405851364136,
            3.237417697906494,
            4.276631832122803,
            1.6331164836883545,
            4.676384449005127,
            2.7530770301818848,
            10.706680297851562,
            6.445292949676514,
            11.114035606384277,
            8.217585563659668,
            5.426496505737305,
            2.0593819618225098,
            0.5980847477912903,
            0.9797069430351257,
            3.965229034423828,
            4.299753189086914,
            12.43168830871582,
            5.5461649894714355,
            8.42548656463623
        ],
        "error": 0.21372336149215698
    },
    "(11, 2)": {
        "layer_idx": 11,
        "head_idx": 2,
        "top5p_losses": [
            0.5701813697814941,
            9.27011489868164,
            5.083416938781738,
            2.4658238887786865,
            4.217339515686035,
            12.206099510192871,
            3.047095775604248,
            1.7602096796035767,
            3.9049272537231445,
            12.091142654418945,
            7.152865409851074,
            2.241874933242798,
            3.5177273750305176,
            4.250783920288086,
            4.049322128295898,
            0.9865798354148865,
            2.195845603942871,
            3.0175695419311523,
            8.810340881347656,
            1.3229405879974365,
            8.303927421569824,
            4.02242374420166,
            0.9784808158874512,
            1.6264768838882446,
            6.361866474151611,
            6.269965171813965,
            11.069791793823242,
            2.3364739418029785,
            0.31245362758636475,
            7.591365337371826
        ],
        "losses": [
            3.2204766273498535,
            9.807917594909668,
            6.287198066711426,
            2.951995849609375,
            4.354072093963623,
            14.803278923034668,
            3.5790364742279053,
            5.335431098937988,
            4.211094856262207,
            11.955353736877441,
            8.319022178649902,
            2.741835355758667,
            3.3225836753845215,
            5.482483386993408,
            4.404468059539795,
            1.2489274740219116,
            3.0966720581054688,
            3.045347213745117,
            8.464240074157715,
            2.1328721046447754,
            11.43531608581543,
            4.172852993011475,
            1.0563653707504272,
            2.2131235599517822,
            6.681582450866699,
            11.216172218322754,
            11.383395195007324,
            2.702385902404785,
            0.36732879281044006,
            7.875497341156006
        ],
        "error": 0.9395655393600464
    },
    "(11, 3)": {
        "layer_idx": 11,
        "head_idx": 3,
        "top5p_losses": [
            2.1172876358032227,
            4.073258876800537,
            5.07240104675293,
            1.9905047416687012,
            8.363018989562988,
            9.424839973449707,
            3.1340620517730713,
            5.865509033203125,
            2.8631134033203125,
            9.019346237182617,
            7.06846809387207,
            1.7705614566802979,
            0.44418177008628845,
            4.198402404785156,
            5.075870990753174,
            6.636831283569336,
            1.364911437034607,
            4.693477630615234,
            5.488865852355957,
            6.425532341003418,
            2.721068859100342,
            3.3818063735961914,
            0.8900759816169739,
            4.883628845214844,
            3.0381505489349365,
            4.758782863616943,
            5.081050872802734,
            4.0878376960754395,
            3.687539577484131,
            1.8969430923461914
        ],