{
"(10, 7)": {
    "layer_idx": 10,
    "head_idx": 7,
    "top5p_losses": [
        0.9006395936012268,
        8.154706001281738,
        1.1440606117248535,
        1.476170301437378,
        1.7403881549835205,
        12.904356956481934,
        5.819052696228027,
        2.3965539932250977,
        1.1075611114501953,
        1.7168049812316895,
        1.8844695091247559,
        8.541603088378906,
        2.05719256401062,
        4.5613603591918945,
        16.610666275024414,
        7.036576271057129,
        8.123120307922363,
        0.4430965185165405,
        11.027986526489258,
        4.5086283683776855,
        4.6997575759887695,
        12.204361915588379,
        6.207642078399658,
        4.182326316833496,
        10.953652381896973,
        3.7059333324432373,
        5.71748685836792,
        10.72640609741211,
        6.193140983581543,
        2.556226968765259
    ],
    "losses": [
        [
            2.9228367805480957,
            9.641769409179688,
            2.7427687644958496,
            3.0121493339538574,
            3.7155821323394775,
            14.907983779907227,
            7.332043170928955,
            3.5564842224121094,
            3.1103615760803223,
            3.467496633529663,
            3.8198282718658447,
            10.614402770996094,
            3.2045176029205322,
            6.36110782623291,
            18.246444702148438,
            8.820343971252441,
            9.739339828491211,
            2.491267681121826,
            13.195140838623047,
            6.0450334548950195,
            7.06160831451416,
            13.979129791259766,
            7.819582939147949,
            6.338919639587402,
            11.995999336242676,
            5.873420715332031,
            9.034812927246094,
            12.38808822631836,
            8.394344329833984,
            4.3185553550720215
        ]
    ],
    "change_in_loss": [
        2.0221972465515137,
        1.4870634078979492,
        1.598708152770996,
        1.5359790325164795,
        1.975193977355957,
        2.003626823425293,
        1.5129904747009277,
        1.1599302291870117,
        2.002800464630127,
        1.7506916522979736,
        1.9353587627410889,
        2.0727996826171875,
        1.147325038909912,
        1.7997474670410156,
        1.6357784271240234,
        1.7837677001953125,
        1.6162195205688477,
        2.048171043395996,
        2.167154312133789,
        1.536405086517334,
        2.3618507385253906,
        1.7747678756713867,
        1.611940860748291,
        2.1565933227539062,
        1.0423469543457031,
        2.167487382888794,
        3.317326068878174,
        1.66168212890625,
        2.2012033462524414,
        1.7623283863067627
    ],
    "change_in_loss_mean": 1.828314518928528,
    "mean_ablated_loss": [
        3.0167453289031982,
        9.76795768737793,
        2.8104679584503174,
        3.329230546951294,
        3.769829750061035,
        14.850930213928223,
        7.464437007904053,
        4.366241931915283,
        3.328641414642334,
        3.5483405590057373,
        3.8567006587982178,
        10.52960205078125,
        4.369269371032715,
        6.217607498168945,
        18.864152908325195,
        8.663527488708496,
        9.75798511505127,
        2.2915475368499756,
        13.232687950134277,
        6.327476978302002,
        6.911958694458008,
        14.089921951293945,
        8.04536247253418,
        6.110033988952637,
        12.57614803314209,
        6.08549690246582,
        8.65153694152832,
        12.417215347290039,
        8.37409782409668,
        4.277022361755371
    ],
    "time": "Thu Jun 29 00:11:03 2023_remember_sometimes_this_is_an_hour_too_early",
    "how_bad_is_mean_ablation": [
        2.116105794906616,
        1.6132516860961914,
        1.6664073467254639,
        1.853060245513916,
        2.0294415950775146,
        1.946573257446289,
        1.6453843116760254,
        1.9696879386901855,
        2.2210803031921387,
        1.8315355777740479,
        1.972231149673462,
        1.9879989624023438,
        2.3120768070220947,
        1.6562471389770508,
        2.2534866333007812,
        1.6269512176513672,
        1.6348648071289062,
        1.848451018333435,
        2.2047014236450195,
        1.8188486099243164,
        2.2122011184692383,
        1.8855600357055664,
        1.8377203941345215,
        1.9277076721191406,
        1.6224956512451172,
        2.379563570022583,
        2.9340500831604004,
        1.6908092498779297,
        2.1809568405151367,
        1.7207953929901123
    ],
    "how_bad_is_mean_ablation_mean": 1.9533415277798971
}
}