{
    "(7, 10)": {
        "layer_idx": 7,
        "head_idx": 10,
        "top5p_losses": [
            0.4188143014907837,
            4.631968975067139,
            6.425748825073242,
            0.8306965231895447,
            2.0805888175964355,
            1.150112271308899,
            0.37827664613723755,
            5.73753547668457,
            2.278175115585327,
            0.4238843321800232,
            0.2722471058368683,
            3.7484264373779297,
            3.5031213760375977,
            2.5658609867095947,
            2.009021282196045,
            1.3495601415634155,
            4.931661128997803,
            0.669717013835907,
            0.12578091025352478,
            5.722801208496094,
            0.9464436769485474,
            2.545219659805298,
            1.171621561050415,
            0.12253522127866745,
            3.0866894721984863,
            1.6849356889724731,
            2.6473917961120605,
            3.32936692237854,
            2.096602439880371,
            0.4791273772716522,
            1.7329264879226685,
            4.383549690246582,
            0.11081297695636749,
            4.759884834289551,
            1.4413354396820068,
            0.12498945742845535,
            0.14855211973190308,
            2.2973477840423584,
            4.079103469848633,
            1.3563035726547241,
            0.8174538612365723,
            3.1340525150299072,
            0.6818969249725342,
            1.8551453351974487,
            6.744753837585449,
            0.1329990178346634,
            0.8027018308639526,
            0.9457396268844604,
            4.2794294357299805,
            2.2370662689208984
        ],
        "losses": [
            [
                0.5874207019805908,
                4.76301908493042,
                6.345889091491699,
                1.018000841140747,
                2.1509017944335938,
                1.2134673595428467,
                0.4532947540283203,
                5.821125507354736,
                2.543234348297119,
                0.46599510312080383,
                0.5348367691040039,
                4.129844665527344,
                3.5689563751220703,
                2.8395066261291504,
                2.1826274394989014,
                1.513685941696167,
                5.041073799133301,
                0.9503726959228516,
                0.1793801635503769,
                5.732199192047119,
                1.009833812713623,
                2.6495094299316406,
                1.2512259483337402,
                0.19043654203414917,
                3.0998342037200928,
                1.9456722736358643,
                2.6821694374084473,
                3.3869099617004395,
                2.3232412338256836,
                0.6309413909912109,
                1.9973679780960083,
                4.393608093261719,
                0.16022542119026184,
                4.981722831726074,
                1.7038898468017578,
                0.1955978274345398,
                0.2957533895969391,
                3.146221399307251,
                4.5325775146484375,
                1.427693247795105,
                0.9262335300445557,
                3.5424869060516357,
                0.8020641207695007,
                2.256556987762451,
                6.720244884490967,
                0.23481744527816772,
                0.8444956541061401,
                1.0572763681411743,
                4.384023189544678,
                2.312983989715576
            ]
        ],
        "change_in_loss": [
            0.16860640048980713,
            0.13105010986328125,
            -0.07985973358154297,
            0.1873043179512024,
            0.0703129768371582,
            0.06335508823394775,
            0.07501810789108276,
            0.08359003067016602,
            0.265059232711792,
            0.04211077094078064,
            0.2625896632671356,
            0.38141822814941406,
            0.06583499908447266,
            0.27364563941955566,
            0.17360615730285645,
            0.16412580013275146,
            0.10941267013549805,
            0.2806556820869446,
            0.05359925329685211,
            0.00939798355102539,
            0.06339013576507568,
            0.10428977012634277,
            0.0796043872833252,
            0.06790132075548172,
            0.013144731521606445,
            0.2607365846633911,
            0.03477764129638672,
            0.057543039321899414,
            0.2266387939453125,
            0.15181401371955872,
            0.26444149017333984,
            0.010058403015136719,
            0.04941244423389435,
            0.22183799743652344,
            0.262554407119751,
            0.07060837000608444,
            0.147201269865036,
            0.8488736152648926,
            0.4534740447998047,
            0.07138967514038086,
            0.1087796688079834,
            0.4084343910217285,
            0.12016719579696655,
            0.40141165256500244,
            -0.024508953094482422,
            0.10181842744350433,
            0.0417938232421875,
            0.11153674125671387,
            0.10459375381469727,
            0.07591772079467773
        ],
        "change_in_loss_mean": 0.15380939871072768,
        "mean_ablated_loss": [
            0.5883596539497375,
            4.721442222595215,
            6.482254981994629,
            1.0587739944458008,
            2.140533924102783,
            1.2140533924102783,
            0.4767705798149109,
            5.86995792388916,
            2.5601067543029785,
            0.49688720703125,
            0.5358788967132568,
            4.062213897705078,
            3.567352771759033,
            2.850769281387329,
            2.170823574066162,
            1.5255528688430786,
            5.020659446716309,
            0.9649143218994141,
            0.20186544954776764,
            5.790234565734863,
            1.0875134468078613,
            2.6916708946228027,
            1.2676746845245361,
            0.1846860945224762,
            3.180253505706787,
            1.8723969459533691,
            2.727018356323242,
            3.3872909545898438,
            2.332237482070923,
            0.6254220008850098,
            1.956590175628662,
            4.488298416137695,
            0.17095722258090973,
            5.0344438552856445,
            1.7378308773040771,
            0.20326992869377136,
            0.29346954822540283,
            2.743525505065918,
            4.574108123779297,
            1.4713966846466064,
            0.9304599761962891,
            3.449460029602051,
            0.796522855758667,
            2.2515664100646973,
            6.806161880493164,
            0.2363794445991516,
            0.9162329435348511,
            1.0715361833572388,
            4.379416465759277,
            2.3088881969451904
        ],
        "time": "Fri Jul  7 13:40:58 2023_remember_sometimes_this_is_an_hour_too_early",