{
  "trained": {
    "zero_ablation": {
      "tracr-proportion": {
        "l2": {
          "PIG": {
            "test_l2": [
              -Infinity,
              0.1666666716337204,
              0.1666666716337204,
              0.09930556267499924,
              0.09930556267499924,
              0,
              0,
              0,
              0,
              0,
              Infinity
            ],
            "score": [
              -Infinity,
              -2.3392293383949436,
              -1.3392293383949436,
              -0.4418587615364231,
              -0.0005814065807498991,
              0.0,
              0.0,
              0.0,
              0.0,
              0.0,
              Infinity
            ],
            "test_kl_div": [
              -Infinity,
              0.013254161924123764,
              0.013254161924123764,
              0.00899721309542656,
              0.00899721309542656,
              0,
              0,
              0,
              0,
              0,
              Infinity
            ],
            "edge_fpr": [
              1.0,
              0.07142857142857142,
              0.14285714285714285,
              0.21428571428571427,
              0.25,
              1.0,
              0.8928571428571429,
              0.7857142857142857,
              0.4642857142857143,
              0.2857142857142857,
              0.0
            ],
            "edge_tpr": [
              1.0,
              0.0,
              0.1,
              0.4,
              0.7,
              1.0,
              1.0,
              1.0,
              1.0,
              1.0,
              0.0
            ],
            "edge_precision": [
              0.0,
              0.0,
              0.2,
              0.4,
              0.5,
              0.2631578947368421,
              0.2857142857142857,
              0.3125,
              0.43478260869565216,
              0.5555555555555556,
              1.0
            ],
            "n_edges": [
              NaN,
              2,
              5,
              10,
              14,
              38,
              35,
              32,
              23,
              18,
              NaN
            ],
            "node_fpr": [
              1.0,
              0.0,
              0.0,
              0.0,
              0.0,
              1.0,
              0.75,
              0.5,
              0.125,
              0.0,
              0.0
            ],
            "node_tpr": [
              1.0,
              0.2727272727272727,
              0.36363636363636365,
              0.6363636363636364,
              0.8181818181818182,
              1.0,
              1.0,
              1.0,
              1.0,
              1.0,
              0.0
            ],
            "node_precision": [
              0.0,
              1.0,
              1.0,
              1.0,
              1.0,
              0.5789473684210527,
              0.6470588235294118,
              0.7333333333333333,
              0.9166666666666666,
              1.0,
              1.0
            ],
            "n_nodes": [
              NaN,
              3,
              4,
              7,
              9,
              19,
              17,
              15,
              12,
              11,
              NaN
            ]
          }
        }
      }
    }
  }
}