{
  "trained": {
    "random_ablation": {
      "tracr-reverse": {
        "l2": {
          "PIG": {
            "score": [
              -Infinity,
              -2.781960577588279,
              -1.7819605775882792,
              -0.7819605775882792,
              0.0,
              0.2161933473537374,
              0.6649202108383179,
              0.9014317683170248,
              0.9621228873729706,
              0.9621671467314172,
              0.962167929057614,
              0.962167929057614,
              0.962167929057614,
              0.962167929057614,
              0.962167929057614,
              0.962167929057614,
              0.962167929057614,
              0.962167929057614,
              Infinity
            ],
            "test_kl_div": [
              -Infinity,
              0.21243534982204437,
              0.21243534982204437,
              0.21243534982204437,
              0,
              0,
              0,
              0,
              0,
              0,
              0,
              0,
              0,
              0,
              0,
              0,
              0,
              0,
              Infinity
            ],
            "test_l2": [
              -Infinity,
              0.5185179114341736,
              0.5185179114341736,
              0.5185179114341736,
              0,
              0,
              0,
              0,
              0,
              0,
              0,
              0,
              0,
              0,
              0,
              0,
              0,
              0,
              Infinity
            ],
            "edge_fpr": [
              1.0,
              0.02197802197802198,
              0.054945054945054944,
              0.06593406593406594,
              1.0,
              0.0989010989010989,
              0.967032967032967,
              0.14285714285714285,
              0.9560439560439561,
              0.18681318681318682,
              0.7802197802197802,
              0.7362637362637363,
              0.6923076923076923,
              0.5384615384615384,
              0.4835164835164835,
              0.42857142857142855,
              0.3076923076923077,
              0.23076923076923078,
              0.0
            ],
            "edge_tpr": [
              1.0,
              0.0,
              0.0,
              0.2,
              1.0,
              0.4,
              1.0,
              0.5333333333333333,
              0.8666666666666667,
              0.6666666666666666,
              0.8,
              0.8,
              0.8,
              0.8,
              0.8,
              0.8,
              0.8,
              0.8,
              0.0
            ],
            "edge_precision": [
              0.0,
              0.0,
              0.0,
              0.3333333333333333,
              0.14150943396226415,
              0.4,
              0.14563106796116504,
              0.38095238095238093,
              0.13,
              0.37037037037037035,
              0.14457831325301204,
              0.1518987341772152,
              0.16,
              0.19672131147540983,
              0.21428571428571427,
              0.23529411764705882,
              0.3,
              0.36363636363636365,
              1.0
            ],
            "n_edges": [
              NaN,
              2,
              5,
              9,
              106,
              15,
              103,
              21,
              100,
              27,
              83,
              79,
              75,
              61,
              56,
              51,
              40,
              33,
              NaN
            ],
            "node_fpr": [
              1.0,
              0.0,
              0.0,
              0.0,
              1.0,
              0.0,
              0.8947368421052632,
              0.0,
              0.8947368421052632,
              0.0,
              0.7894736842105263,
              0.6842105263157895,
              0.5789473684210527,
              0.42105263157894735,
              0.3157894736842105,
              0.21052631578947367,
              0.05263157894736842,
              0.0,
              0.0
            ],
            "node_tpr": [
              1.0,
              0.1875,
              0.25,
              0.3125,
              1.0,
              0.5,
              1.0,
              0.5625,
              0.875,
              0.6875,
              0.8125,
              0.8125,
              0.8125,
              0.8125,
              0.8125,
              0.8125,
              0.8125,
              0.8125,
              0.0
            ],
            "node_precision": [
              0.0,
              1.0,
              1.0,
              1.0,
              0.45714285714285713,
              1.0,
              0.48484848484848486,
              1.0,
              0.45161290322580644,
              1.0,
              0.4642857142857143,
              0.5,
              0.5416666666666666,
              0.6190476190476191,
              0.6842105263157895,
              0.7647058823529411,
              0.9285714285714286,
              1.0,
              1.0
            ],
            "n_nodes": [
              NaN,
              3,
              4,
              5,
              35,
              8,
              33,
              9,
              31,
              11,
              28,
              26,
              24,
              21,
              19,
              17,
              14,
              13,
              NaN
            ]
          }
        }
      }
    }
  }
}