{
  "reset": {
    "zero_ablation": {
      "tracr-proportion": {
        "l2": {
          "PIG": {
            "score": [
              -Infinity,
              0.0,
              0.12125963158905506,
              0.9901553988456726,
              1.121259631589055,
              1.1298633515834808,
              1.1298633515834808,
              1.1298633515834808,
              1.1298633515834808,
              1.1298633515834808,
              Infinity
            ],
            "test_kl_div": [
              -Infinity,
              0.011875377036631107,
              0.011875377036631107,
              0.011875377036631107,
              0.011875377036631107,
              0.011875377036631107,
              0.011875377036631107,
              0.011875377036631107,
              0.011875377036631107,
              0.011875377036631107,
              Infinity
            ],
            "test_l2": [
              -Infinity,
              0.1474073976278305,
              0.1474073976278305,
              0.1474073976278305,
              0.1474073976278305,
              0.1474073976278305,
              0.1474073976278305,
              0.1474073976278305,
              0.1474073976278305,
              0.1474073976278305,
              Infinity
            ],
            "edge_fpr": [
              1.0,
              1.0,
              0.07142857142857142,
              0.8928571428571429,
              0.14285714285714285,
              0.8214285714285714,
              0.7142857142857143,
              0.6071428571428571,
              0.35714285714285715,
              0.17857142857142858,
              0.0
            ],
            "edge_tpr": [
              1.0,
              1.0,
              0.0,
              0.8,
              0.1,
              0.5,
              0.5,
              0.5,
              0.5,
              0.5,
              0.0
            ],
            "edge_precision": [
              0.0,
              0.2631578947368421,
              0.0,
              0.24242424242424243,
              0.2,
              0.17857142857142858,
              0.2,
              0.22727272727272727,
              0.3333333333333333,
              0.5,
              1.0
            ],
            "n_edges": [
              NaN,
              38,
              2,
              33,
              5,
              28,
              25,
              22,
              15,
              10,
              NaN
            ],
            "node_fpr": [
              1.0,
              1.0,
              0.0,
              1.0,
              0.0,
              1.0,
              0.75,
              0.5,
              0.125,
              0.0,
              0.0
            ],
            "node_tpr": [
              1.0,
              1.0,
              0.2727272727272727,
              0.8181818181818182,
              0.36363636363636365,
              0.6363636363636364,
              0.6363636363636364,
              0.6363636363636364,
              0.6363636363636364,
              0.6363636363636364,
              0.0
            ],
            "node_precision": [
              0.0,
              0.5789473684210527,
              1.0,
              0.5294117647058824,
              1.0,
              0.4666666666666667,
              0.5384615384615384,
              0.6363636363636364,
              0.875,
              1.0,
              1.0
            ],
            "n_nodes": [
              NaN,
              19,
              3,
              17,
              4,
              15,
              13,
              11,
              8,
              7,
              NaN
            ]
          }
        }
      }
    }
  }
}