{
  "reset": {
    "random_ablation": {
      "tracr-proportion": {
        "l2": {
          "PIG": {
            "score": [
              -Infinity,
              0.0,
              1.0,
              1.9997822642326355,
              2.0206500478088856,
              2.020722477020172,
              2.020722477020172,
              2.020722477020172,
              2.020722477020172,
              2.020722477020172,
              Infinity
            ],
            "test_l2": [
              -Infinity,
              0.0887036994099617,
              0.0887036994099617,
              0.0887036994099617,
              0.0887036994099617,
              0.0887036994099617,
              0.0887036994099617,
              0.0887036994099617,
              0.0887036994099617,
              0.0887036994099617,
              Infinity
            ],
            "test_kl_div": [
              -Infinity,
              0.007076676469296217,
              0.007076676469296217,
              0.007076676469296217,
              0.007076676469296217,
              0.007076676469296217,
              0.007076676469296217,
              0.007076676469296217,
              0.007076676469296217,
              0.007076676469296217,
              Infinity
            ],
            "edge_fpr": [
              1.0,
              1.0,
              0.7857142857142857,
              0.6785714285714286,
              0.6428571428571429,
              0.5714285714285714,
              0.4642857142857143,
              0.35714285714285715,
              0.17857142857142858,
              0.07142857142857142,
              0.0
            ],
            "edge_tpr": [
              1.0,
              1.0,
              0.8,
              0.7,
              0.4,
              0.0,
              0.0,
              0.0,
              0.0,
              0.0,
              0.0
            ],
            "edge_precision": [
              0.0,
              0.2631578947368421,
              0.26666666666666666,
              0.2692307692307692,
              0.18181818181818182,
              0.0,
              0.0,
              0.0,
              0.0,
              0.0,
              1.0
            ],
            "n_edges": [
              NaN,
              38,
              30,
              26,
              22,
              16,
              13,
              10,
              5,
              2,
              NaN
            ],
            "node_fpr": [
              1.0,
              1.0,
              1.0,
              1.0,
              1.0,
              1.0,
              0.75,
              0.5,
              0.125,
              0.0,
              0.0
            ],
            "node_tpr": [
              1.0,
              1.0,
              0.9090909090909091,
              0.7272727272727273,
              0.5454545454545454,
              0.2727272727272727,
              0.2727272727272727,
              0.2727272727272727,
              0.2727272727272727,
              0.2727272727272727,
              0.0
            ],
            "node_precision": [
              0.0,
              0.5789473684210527,
              0.5555555555555556,
              0.5,
              0.42857142857142855,
              0.2727272727272727,
              0.3333333333333333,
              0.42857142857142855,
              0.75,
              1.0,
              1.0
            ],
            "n_nodes": [
              NaN,
              19,
              18,
              16,
              14,
              11,
              9,
              7,
              4,
              3,
              NaN
            ]
          }
        }
      }
    }
  }
}