{
  "trained": {
    "zero_ablation": {
      "tracr-proportion": {
        "kl_div": {
          "16H": {
            "test_kl_div": [
              -Infinity,
              0,
              0.016055956482887268,
              0.016055956482887268,
              0.016055956482887268,
              0.016055956482887268,
              0.016055956482887268,
              0.016055956482887268,
              0.016055956482887268,
              0.016055956482887268,
              Infinity
            ],
            "score": [
              -Infinity,
              0.0,
              1.0,
              2.0,
              2.000001313202233,
              2.0000026264044664,
              2.0000026264044664,
              2.0000026264044664,
              2.0000026264044664,
              2.0000026264044664,
              Infinity
            ],
            "test_l2": [
              -Infinity,
              0,
              0.18870370090007782,
              0.18870370090007782,
              0.18870370090007782,
              0.18870370090007782,
              0.18870370090007782,
              0.18870370090007782,
              0.18870370090007782,
              0.18870370090007782,
              Infinity
            ],
            "fpr": [
              1.0,
              1.0,
              0.7857142857142857,
              0.6785714285714286,
              0.6428571428571429,
              0.5714285714285714,
              0.4642857142857143,
              0.35714285714285715,
              0.17857142857142858,
              0.07142857142857142,
              0.0
            ],
            "tpr": [
              1.0,
              1.0,
              0.8,
              0.7,
              0.4,
              0.0,
              0.0,
              0.0,
              0.0,
              0.0,
              0.0
            ],
            "precision": [
              0.0,
              0.2631578947368421,
              0.26666666666666666,
              0.2692307692307692,
              0.18181818181818182,
              0.0,
              0.0,
              0.0,
              0.0,
              0.0,
              1.0
            ],
            "n_edges": [
              NaN,
              38,
              30,
              26,
              22,
              16,
              13,
              10,
              5,
              2,
              NaN
            ]
          }
        }
      }
    }
  }
}