{
  "trained": {
    "random_ablation": {
      "tracr-proportion": {
        "l2": {
          "ACDC": {
            "test_l2": [
              Infinity,
              0.05166666582226753,
              0.05166666582226753,
              0.05166666582226753,
              0.05166666582226753,
              0.05166666582226753,
              8.22986227820955e-18,
              8.22986227820955e-18,
              8.22986227820955e-18,
              8.22986227820955e-18,
              8.22986227820955e-18,
              8.22986227820955e-18,
              -Infinity
            ],
            "test_kl_div": [
              Infinity,
              0.00622501689940691,
              0.00622501689940691,
              0.00622501689940691,
              0.00622501689940691,
              0.00622501689940691,
              0.0,
              0.0,
              0.0,
              0.0,
              0.0,
              0.0,
              -Infinity
            ],
            "score": [
              Infinity,
              0.1,
              0.0631,
              0.03981,
              0.02512,
              0.01585,
              0.01,
              0.00631,
              0.00398,
              0.00251,
              0.00158,
              0.001,
              -Infinity
            ],
            "fpr": [
              0.0,
              0.0,
              0.0,
              0.03571428571428571,
              0.03571428571428571,
              0.03571428571428571,
              0.03571428571428571,
              0.03571428571428571,
              0.03571428571428571,
              0.03571428571428571,
              0.03571428571428571,
              0.03571428571428571,
              1.0
            ],
            "tpr": [
              0.0,
              0.4,
              0.4,
              0.5,
              0.5,
              0.5,
              0.6,
              0.6,
              0.6,
              0.6,
              0.6,
              0.6,
              1.0
            ],
            "precision": [
              1.0,
              1.0,
              1.0,
              0.8333333333333334,
              0.8333333333333334,
              0.8333333333333334,
              0.8571428571428571,
              0.8571428571428571,
              0.8571428571428571,
              0.8571428571428571,
              0.8571428571428571,
              0.8571428571428571,
              0.0
            ],
            "n_edges": [
              NaN,
              4,
              4,
              6,
              6,
              6,
              7,
              7,
              7,
              7,
              7,
              7,
              NaN
            ]
          }
        }
      }
    }
  }
}