{
  "reset": {
    "random_ablation": {
      "ioi": {
        "logit_diff": {
          "SP": {
            "test_frac_correct": [
              Infinity,
              -10.59999942779541,
              -11.229999899864197,
              -10.889999628067017,
              -10.899999737739565,
              -10.93999981880188,
              -Infinity
            ],
            "test_nll": [
              Infinity,
              281.10966777801514,
              280.89519214630127,
              279.7926254272461,
              279.9147062301636,
              279.9098310470581,
              -Infinity
            ],
            "score": [
              Infinity,
              100,
              3.162,
              0.1,
              0.003,
              0,
              -Infinity
            ],
            "test_kl_div": [
              Infinity,
              208.26479816436768,
              207.6342191696167,
              206.9849967956543,
              206.7242317199707,
              206.68723392486572,
              -Infinity
            ],
            "test_logit_diff": [
              Infinity,
              -6.356537818908691,
              -7.180830478668213,
              -7.673449516296387,
              -7.91516637802124,
              -7.962074279785156,
              -Infinity
            ],
            "test_match_nll": [
              Infinity,
              270.81267070770264,
              270.4825220108032,
              269.7284126281738,
              269.53488636016846,
              269.4946041107178,
              -Infinity
            ],
            "fpr": [
              0.0,
              0.004570694670041174,
              0.6190080459335927,
              0.9522532391493219,
              0.9650209647565444,
              0.9453027613039701,
              1.0
            ],
            "tpr": [
              0.0,
              0.4356589147286822,
              0.8034108527131782,
              0.9685271317829457,
              0.9714728682170543,
              0.9711627906976744,
              1.0
            ],
            "precision": [
              1.0,
              0.9587171613783692,
              0.24025221382539755,
              0.19859486266531026,
              0.19696350548517902,
              0.20019815270542363,
              0.0
            ],
            "n_edges": [
              NaN,
              2931,
              21569,
              31456,
              31813,
              31289,
              NaN
            ]
          }
        }
      }
    }
  }
}