{
  "trained": {
    "random_ablation": {
      "tracr-proportion": {
        "l2": {
          "PIG": {
            "score": [
              -Infinity,
              -0.39195506506257516,
              -0.18968720965676766,
              -0.0655660801439808,
              -7.415643267449923e-06,
              0.0,
              0.0,
              0.0,
              0.0,
              0.0,
              Infinity
            ],
            "test_kl_div": [
              -Infinity,
              0.019410287961363792,
              0.019410287961363792,
              0.024300090968608856,
              0,
              0,
              0,
              0,
              0,
              0,
              Infinity
            ],
            "test_l2": [
              -Infinity,
              0.2329629808664322,
              0.2329629808664322,
              0.2720370292663574,
              0,
              0,
              0,
              0,
              0,
              0,
              Infinity
            ],
            "edge_fpr": [
              1.0,
              0.07142857142857142,
              0.14285714285714285,
              0.14285714285714285,
              0.25,
              0.07142857142857142,
              0.8928571428571429,
              0.7857142857142857,
              0.4642857142857143,
              0.2857142857142857,
              0.0
            ],
            "edge_tpr": [
              1.0,
              0.0,
              0.2,
              0.5,
              0.7,
              0.0,
              1.0,
              1.0,
              1.0,
              1.0,
              0.0
            ],
            "edge_precision": [
              0.0,
              0.0,
              0.3333333333333333,
              0.5555555555555556,
              0.5,
              0.0,
              0.2857142857142857,
              0.3125,
              0.43478260869565216,
              0.5555555555555556,
              1.0
            ],
            "n_edges": [
              NaN,
              2,
              6,
              9,
              14,
              2,
              35,
              32,
              23,
              18,
              NaN
            ],
            "node_fpr": [
              1.0,
              0.0,
              0.0,
              0.0,
              0.0,
              0.0,
              0.75,
              0.5,
              0.125,
              0.0,
              0.0
            ],
            "node_tpr": [
              1.0,
              0.2727272727272727,
              0.5454545454545454,
              0.7272727272727273,
              0.8181818181818182,
              0.2727272727272727,
              1.0,
              1.0,
              1.0,
              1.0,
              0.0
            ],
            "node_precision": [
              0.0,
              1.0,
              1.0,
              1.0,
              1.0,
              1.0,
              0.6470588235294118,
              0.7333333333333333,
              0.9166666666666666,
              1.0,
              1.0
            ],
            "n_nodes": [
              NaN,
              3,
              6,
              8,
              9,
              3,
              17,
              15,
              12,
              11,
              NaN
            ]
          }
        }
      }
    }
  }
}