{
  "trained": {
    "random_ablation": {
      "tracr-reverse": {
        "l2": {
          "PIG": {
            "test_kl_div": [
              -Infinity,
              0.21243534982204437,
              0,
              0.21243534982204437,
              0.21243534982204437,
              0,
              0,
              0,
              0,
              0,
              0,
              0,
              0,
              0,
              0,
              0,
              0,
              0,
              Infinity
            ],
            "score": [
              -Infinity,
              -0.4675210675991366,
              0.0,
              0.1134651937686613,
              0.2764789202415159,
              0.2897023558616638,
              0.3625699692570379,
              0.399138029774349,
              0.42129115760326385,
              0.42133180249265934,
              0.4213393556055962,
              0.4213393556055962,
              0.4213393556055962,
              0.4213393556055962,
              0.4213393556055962,
              0.4213393556055962,
              0.4213393556055962,
              0.4213393556055962,
              Infinity
            ],
            "test_l2": [
              -Infinity,
              0.5185179114341736,
              0,
              0.5185179114341736,
              0.5185179114341736,
              0,
              0,
              0,
              0,
              0,
              0,
              0,
              0,
              0,
              0,
              0,
              0,
              0,
              Infinity
            ],
            "edge_fpr": [
              1.0,
              0.02197802197802198,
              0.02197802197802198,
              0.04395604395604396,
              0.08791208791208792,
              0.989010989010989,
              0.12087912087912088,
              0.18681318681318682,
              0.9120879120879121,
              0.21978021978021978,
              0.8351648351648352,
              0.7802197802197802,
              0.7252747252747253,
              0.5824175824175825,
              0.5164835164835165,
              0.45054945054945056,
              0.34065934065934067,
              0.25274725274725274,
              0.0
            ],
            "edge_tpr": [
              1.0,
              0.0,
              0.0,
              0.06666666666666667,
              0.13333333333333333,
              0.8666666666666667,
              0.3333333333333333,
              0.3333333333333333,
              0.7333333333333333,
              0.6,
              0.6,
              0.6,
              0.6,
              0.6,
              0.6,
              0.6,
              0.6,
              0.6,
              0.0
            ],
            "edge_precision": [
              0.0,
              0.0,
              0.0,
              0.2,
              0.2,
              0.1262135922330097,
              0.3125,
              0.22727272727272727,
              0.11702127659574468,
              0.3103448275862069,
              0.10588235294117647,
              0.1125,
              0.12,
              0.14516129032258066,
              0.16071428571428573,
              0.18,
              0.225,
              0.28125,
              1.0
            ],
            "n_edges": [
              NaN,
              2,
              2,
              5,
              10,
              103,
              16,
              22,
              94,
              29,
              85,
              80,
              75,
              62,
              56,
              50,
              40,
              32,
              NaN
            ],
            "node_fpr": [
              1.0,
              0.0,
              0.0,
              0.0,
              0.10526315789473684,
              1.0,
              0.10526315789473684,
              0.10526315789473684,
              1.0,
              0.10526315789473684,
              1.0,
              0.8947368421052632,
              0.7894736842105263,
              0.631578947368421,
              0.5263157894736842,
              0.42105263157894735,
              0.2631578947368421,
              0.21052631578947367,
              0.0
            ],
            "node_tpr": [
              1.0,
              0.1875,
              0.1875,
              0.25,
              0.3125,
              0.875,
              0.5,
              0.5625,
              0.75,
              0.625,
              0.625,
              0.625,
              0.625,
              0.625,
              0.625,
              0.625,
              0.625,
              0.625,
              0.0
            ],
            "node_precision": [
              0.0,
              1.0,
              1.0,
              1.0,
              0.7142857142857143,
              0.42424242424242425,
              0.8,
              0.8181818181818182,
              0.3870967741935484,
              0.8333333333333334,
              0.3448275862068966,
              0.37037037037037035,
              0.4,
              0.45454545454545453,
              0.5,
              0.5555555555555556,
              0.6666666666666666,
              0.7142857142857143,
              1.0
            ],
            "n_nodes": [
              NaN,
              3,
              3,
              4,
              7,
              33,
              10,
              11,
              31,
              12,
              29,
              27,
              25,
              22,
              20,
              18,
              15,
              14,
              NaN
            ]
          }
        }
      }
    }
  }
}